customerID,gender,SeniorCitizen,Partner,Dependents,tenure,PhoneService,InternetService,Contract,PaperlessBilling,PaymentMethod,Age,Income,Purchases,MonthlyCharges,TotalCharges,Churn,Notes
CUST-1383,Male,0,Yes,No,63,Yes,No,Month-to-month,No,Electronic check,53.0,59980.68,24.0,32.18,2093.74,No,
CUST-1775,Male,0,No,No,56,Yes,Fiber optic,One year,Yes,Credit card,41.0,67088.04,21.0,25.59,1475.21,Yes,
CUST-1791,Female,0,No,No,5,Yes,Fiber optic,Month-to-month,No,Bank transfer,64.0,64351.26,14.0,22.33,,Yes,
CUST-1131,Male,1,Yes,Yes,26,No,Fiber optic,Month-to-month,Yes,Electronic check,40.0,55714.34,19.0,59.13,1599.35,No,
CUST-1464,Female,0,No,No,47,Yes,Fiber optic,Month-to-month,No,Bank transfer,,58060.85,12.0,102.29,4797.28,No,
CUST-1588,FEMALE,1,Yes,Yes,72,Yes,Fiber optic,Two year,Yes,Bank transfer,63.0,72782.38,31.0,21.75,1609.26,No,
CUST-1953,Female,0,Yes,No,59,Yes,Fiber optic,Month-to-month,Yes,Bank transfer,49.0,79531.38,25.0,108.82,6328.95,No,
CUST-1837,Male,0,No,Yes,30,Yes,DSL,Month-to-month,Yes,Bank transfer,36.0,32034.24,17.0,110.77,3398.86,No,
CUST-1456,Female,0,Yes,No,58,Yes,Fiber optic,One year,No,Bank transfer,42.0,71897.64,21.0,48.53,2916.44,No,
CUST-1374,Male,0,No,No,24,Yes,Fiber optic,Month-to-month,No,Credit card,27.0,36508.32,16.0,21.79,532.28,Yes,
CUST-1003,Male,0,No,Yes,55,Yes,Fiber optic,One year,No,Mailed check,20.0,49555.18,22.0,43.88,2454.42,No,
CUST-1421,Female,0,Yes,Yes,61,Yes,DSL,One year,Yes,Electronic check,24.0,90462.48,29.0,67.85,4055.37,No,
CUST-1991,Female,0,Yes,No,64,Yes,Fiber optic,Two year,Yes,Mailed check,45.0,33867.24,20.0,20.89,1306.81,No,
CUST-1259,Male,0,Yes,No,32,Yes,DSL,Month-to-month,Yes,Mailed check,74.0,15893.61,13.0,41.27,1351.33,No,
CUST-1427,Female,0,Yes,No,0,Yes,Fiber optic,Month-to-month ,No,Electronic check,43.0,59376.51,6.0,101.92,79.06,No,
CUST-1816,Male,0,Yes,No,57,No,DSL,One year,Yes,Mailed check,70.0,29874.52,21.0,46.34,2546.89,No,
CUST-1258,Female,1,Yes,No,21,Yes,Fiber optic,One year,Yes,Credit card,19.0,25906.88,6.0,86.17,1809.35,No,
CUST-1433,Female,0,Yes,Yes,6,Yes,Fiber optic,One year,Yes,Bank transfer,60.0,75598.21,20.0,47.67,334.06,No,
CUST-1271,Female,0,Yes,No,18,No,Fiber optic,One year,Yes,Mailed check,23.0,53940.73,15.0,55.33, 977.31 ,No,
CUST-1236,Female,0,Yes,No,5,Yes,Fiber optic,Month-to-month,Yes,Bank transfer,67.0,45351.67,5.0,28.4,140.68,No,
CUST-1946,Male,0,Yes,No,60,Yes,Fiber optic,Two year,Yes,Electronic check,43.0,48830.35,21.0,101.19,5982.69,No,
CUST-1074,Male,1,Yes,No,65,Yes,Fiber optic,Month-to-month,Yes,Electronic check,60.0,64108.63,28.0,29.03,1851.32,No,
CUST-1086,Female,0,No,Yes,58,No,Fiber optic,One year,No,Credit card,46.0,54568.14,26.0,116.53,6782.38,No,
CUST-1835,Female,0,No,No,15,Yes,DSL,Month-to-month,Yes,Electronic check,29.0,65704.16,17.0,61.88,879.37,No,
CUST-1022,Female,1,No,No,49,Yes,DSL,Month-to-month,No,Electronic check,41.0,,24.0,86.94,4311.17,No,
CUST-1718,Female,0,No,No,68,Yes,DSL,Month-to-month,Yes,Mailed check,68.0,102066.38,21.0,85.43,5847.88,Yes,
CUST-1295,Female,1,No,Yes,28,Yes,DSL,Month-to-month,No,Bank transfer,28.0,31225.71,12.0,33.03,974.1,Yes,
CUST-1565,Female,0,No,Yes,35,Yes,Fiber optic,Month-to-month,No,Bank transfer,35.0,23281.02,7.0,90.63,3227.38,No,
CUST-1152,Male,0,No,No,66,Yes,Fiber optic,Two year,No,Credit card,36.0,63266.2,27.0,85.39,5635.88,No,
CUST-1536,Female,0,Yes,No,21,No,No,Month-to-month,No,Mailed check,23.0,52819.32,15.0,69.74,1482.57,No,
CUST-1437,Female,1,Yes,No,22,Yes,No,One year,No,Mailed check,,45400.58,14.0,63.52,1352.96,Yes,
CUST-1997,Female,0,No,No,13,Yes,Fiber optic,Month-to-month,No,Credit card,63.0,56828.54,16.0,76.43,970.6,Yes,
CUST-1776,Male,0,Yes,Yes,7,Yes,DSL,Month-to-month,Yes,Credit card,25.0,50564.43,13.0,101.29, 729.54 ,No,
CUST-1308,Female,0,Yes,Yes,52,Yes,Fiber optic,One year,Yes,Mailed check,64.0,51512.55,26.0,105.02,5510.41,No,
CUST-1368,Male,1,Yes,No,61,No,Fiber optic,One year,No,Electronic check,19.0,51625.84,22.0,84.67,5143.03,No,
CUST-1603,Female,1,No,No,10,Yes,Fiber optic,One year,Yes,Bank transfer,65 yrs,42884.34,7.0,71.61,777.36,Yes,
CUST-1154,Male,0,Yes,Yes,57,Yes,DSL,Month-to-month,Yes,Electronic check,43.0,24679.69,19.0,98.18,5621.32,No,
CUST-1942,Female,0,No,Yes,5,Yes,DSL,Two year,Yes,Bank transfer,64.0,69182.13,3.0,105.38,520.53,No,
CUST-1789,Male,0,Yes,,22,Yes,DSL,Month-to-month,Yes,Credit card,57.0,51300.98,17.0,106.63,2359.95,No,
CUST-1253,Male,0,Yes,No,44,Yes,Fiber optic,Two year,Yes,Credit card,62.0,41436.7,14.0,86.44,3811.37,No,
CUST-1572,Male,0,No,No,19,Yes,DSL,Month-to-month,No,Bank transfer,30.0,95513.95,12.0,68.02, 1266.85 ,Yes,
CUST-1996,Male,0,No,Yes,57,Yes,No,Month-to-month,Yes,Mailed check,50.0,82377.73,16.0,28.54,1622.55,Yes,
CUST-1494,Male,0,Yes,No,24,Yes,Fiber optic,Two year,Yes,Bank transfer,21.0,84827.84,8.0,29.75,664.83,No,
CUST-1651,Female,0,Yes,No,16,Yes,DSL,Two year,Yes,Mailed check,20.0,68070.9,16.0,88.83,1399.01,No,
CUST-1466,Female,0,Yes,No,19,Yes,DSL,One year,Yes,Electronic check,29.0,51252.48,17.0,46.31,913.12,Yes,
CUST-1050,Male,0,No,No,61,Yes,Fiber optic,Month-to-month,No,Electronic check,29.0,45994.98,21.0,45.27,2743.52,No,
CUST-1518,Female,1,No,No,3,Yes,Fiber optic,Month-to-month,No,Electronic check,47.0,18342.24,6.0,107.73,360.92,Yes,
CUST-1366,Female,0,Yes,Yes,29,Yes,Fiber optic,Month-to-month,No,Electronic check,50.0,47670.6,26.0,116.36,3368.41,No,
CUST-1332,Female,0,No,No,44,Yes,DSL,Month-to-month,No,Credit card,74.0,50206.18,34.0,31.33,1440.09,No,
CUST-1307,Female,1,Yes,No,48,Yes,Fiber optic,Month-to-month,Yes,Bank transfer,41.0,37228.41,22.0,40.84,1941.75,No,
CUST-1831,Male,0,No,No,3,Yes,No,Month-to-month,No,Mailed check,69.0,46027.1,12.0,52.97,112.15,No,
CUST-1707,Female,0,No,Yes,71,Yes,Fiber optic,Two year,No,Credit card,,43149.28,24.0,106.21,7530.58,No,
CUST-1799,Male,0,Yes,Yes,48,Yes,No,One year,No,Electronic check,21.0,72407.18,20.0,27.66,1362.84,No,
CUST-1978,Female,0,Yes,No,34,Yes,No,Two year,No,Bank transfer,45.0,44225.43,22.0,109.61,,No,
CUST-1386,Male,0,Yes,No,58,Yes,DSL,One year,Yes,Electronic check,53.0,64270.67,23.0,24.64,1482.57,No,
CUST-1138,Male,0,Yes,Yes,49,Yes,No,Month-to-month,Yes,Mailed check,34.0,26284.16,5.0,21.54,960.73,No,
CUST-1126,Female,0,No,No,24,Yes,No,Month-to-month,Yes,Electronic check,46.0,51100.27,16.0,105.79,2566.16,No,
CUST-1377,Male,0,No,No,72,Yes,No,Month-to-month,No,Credit card,46.0,42192.8,23.0,37.62,2722.59,Yes,
CUST-1910,Male,0,No,Yes,71,Yes,No,One year,Yes,Bank transfer,68.0,34227.28,28.0,64.97,4583.63,No,
CUST-1825,Female,0,No,No,0,Yes,No,Month-to-month ,Yes,Credit card,51.0,40784.06,5.0,48.62,105.68,Yes,
CUST-1046,Female,0,No,Yes,5,Yes,No,Month-to-month,Yes,Electronic check,45.0,,4.0,19.6,17.6,Yes,
CUST-1441,Female,0,Yes,No,7,Yes,DSL,One year,No,Bank transfer,56.0,68632.66,15.0,78.12,574.23,No,
CUST-1389,Male,0,No,No,5,Yes,DSL,Month-to-month,Yes,Credit card,50.0,60778.48,8.0,45.81,236.99,Yes,
CUST-1372,Female,0,No,,60,Yes,Fiber optic,Month-to-month,No,Credit card,51.0,46907.28,25.0,116.73,7017.78,No,
CUST-1390,MALE,0,No,No,28,No,DSL,Month-to-month,No,Credit card,72.0,56004.26,11.0,37.46,1040.06,No,
CUST-1109,Male,0,No,No,8,Yes,Fiber optic,Month-to-month,Yes,Electronic check,70.0,81951.33,18.0,72.74,544.86,No,
CUST-1539,Female,0,Yes,,70,Yes,DSL,Month-to-month,Yes,Credit card,50.0,76316.55,24.0,55.53,3921.55,Yes,
CUST-1726,MALE,0,No,Yes,44,Yes,Fiber optic,One year,No,Bank transfer,37.0,64788.93,19.0,72.76,3236.1,No,
CUST-1136,Male,0,No,Yes,40,Yes,Fiber optic,One year,Yes,Electronic check,58.0,46680.57,15.0,55.56,2203.34,No,
CUST-1940,Female,1,Yes,Yes,37,Yes,DSL,Month-to-month,No,Electronic check,68.0,63583.53,26.0,63.94,2355.42,Yes,
CUST-1630,Male,0,No,No,35,Yes,DSL,Two year,No,Bank transfer,24.0,,17.0,112.74,4029.7,No,
CUST-1129,Female,0,No,No,3,Yes,DSL,Month-to-month,No,Electronic check,33.0,58187.35,8.0,35.59,183.04,No,
CUST-1425,Male,0,No,No,66,Yes,Fiber optic,One year,No,Electronic check,53.0,88738.78,24.0,98.73,6514.96,No,
CUST-1416,Male,0,No,No,49,Yes,Fiber optic,Month-to-month,Yes,Electronic check,42.0,26909.89,19.0,61.31,3020.2,No,
CUST-1369,Male,1,Yes,No,48,Yes,DSL,Month-to-month,Yes,Electronic check,40.0,38295.66,14.0,19.92,954.22,No,
CUST-1107,Female,0,No,No,6,Yes,DSL,Two year,Yes,Credit card,67.0,47089.57,17.0,66.0,456.25,No,
CUST-1399,Male,0,No,No,41,Yes,DSL,One year,No,Credit card,33.0,80151.29,30.0,53.68,2246.46,Yes,
CUST-1904,Male,0,Yes,No,64,Yes,DSL,Month-to-month,Yes,Mailed check,62.0,15000.0,21.0,79.17,5085.56,No,
CUST-1544,Male,1,Yes,Yes,46,Yes,DSL,Two year,No,Electronic check,42.0,62860.87,12.0,38.41,1731.99,No,
CUST-1100,Male,0,Yes,No,21,Yes,No,Month-to-month,Yes,Credit card,37.0,43000.97,9.0,65.96,1396.45,Yes,
CUST-1848,Male,1,Yes,No,66,Yes,Fiber optic,One year,Yes,Credit card,69.0,46952.26,9.0,103.59, 6848.02 ,No,
CUST-1941,Male,0,No,No,44,Yes,DSL,One year,No,Bank transfer,61.0,,21.0,51.0,2271.12,No,
CUST-1977,Female,0,No,Yes,62,Yes,Fiber optic,Month-to-month,No,Mailed check,41.0,38350.24,22.0,78.09,4806.52,Yes,
CUST-1219,Male,0,No,Yes,24,No,Fiber optic,Month-to-month,No,Mailed check,58.0,37056.56,13.0,18.82,465.38,No,
CUST-1113,Female,0,No,No,35,Yes,Fiber optic,Month-to-month,Yes,Bank transfer,37.0,53130.22,14.0,24.09,799.25,Yes,
CUST-1623,Female,0,No,No,7,Yes,DSL,Month-to-month,Yes,Credit card,32.0,,17.0,26.95,186.64,No,
CUST-1177,Male,0,Yes,No,55,Yes,DSL,Month-to-month,Yes,Electronic check,22.0,38706.67,22.0,19.21,1023.6,No,
CUST-1294,Female,0,No,Yes,60,Yes,No,Month-to-month,No,Electronic check,23.0,22300.56,6.0,25.05,1432.79,No,
CUST-1048,Female,0,Yes,No,68,Yes,DSL,One year,Yes,Credit card,55.0,75416.46,26.0,26.73,1747.84,No,
CUST-1275,Female,0,No,No,71,Yes,DSL,Month-to-month,No,Electronic check,61.0,47480.9,26.0,101.75,7254.07,No,
CUST-1995,Male,0,No,No,69,Yes,DSL,Month-to-month,No,Bank transfer,63.0,60593.56,21.0,33.44,2316.4,No,
CUST-1405,Female,1,Yes,No,15,Yes,,One year,No,Credit card,41.0,83062.87,16.0,80.62,1198.13,No,
CUST-1712,Male,0,Yes,No,9,Yes,Fiber optic,Month-to-month,Yes,Electronic check,24.0,,20.0,36.33,313.88,No,
CUST-1844,Male,0,No,No,25,Yes,Fiber optic,Month-to-month,Yes,Bank transfer,74.0,62208.68,23.0,38.3,948.85,No,
CUST-1057,Male,0,No,No,2,Yes,DSL,Month-to-month,Yes,Mailed check,68 yrs,74951.88,13.0,30.48,36.62,Yes,
CUST-1811,Male,1,Yes,No,36,Yes,Fiber optic,Month-to-month,No,Bank transfer,62.0,76912.69,19.0,24.93,931.04,No,
CUST-1674,Female,0,Yes,No,62,Yes,DSL,One year,No,Bank transfer,73.0,50427.64,21.0,56.83,3436.7,No,
CUST-1498,Male,1,No,No,18,Yes,DSL,Two year,Yes,Credit card,73.0,48103.88,11.0,73.3,1336.46,No,
CUST-1920,Male,0,Yes,No,51,Yes,Fiber optic,Month-to-month,Yes,Bank transfer,70.0,49211.04,20.0,119.55,6166.05,No,
CUST-1343,Female,1,No,No,65,Yes,Fiber optic,Month-to-month,No,Mailed check,42.0,33146.59,21.0,24.97,1611.24,No,
CUST-1885,Male,0,No,No,22,Yes,Fiber optic,Month-to-month,No,Credit card,30.0,46409.97,11.0,64.35,1416.98,No,
CUST-1605,Male,0,Yes,No,70,Yes,DSL,One year,Yes,Credit card,43.0,94639.07,32.0,116.07,8145.56,No,
CUST-1927,Female,1,Yes,No,62,Yes,DSL,Month-to-month,No,Electronic check,56.0,62737.05,30.0,108.16,6743.06,Yes,
CUST-1124,Male,0,Yes,No,49,Yes,DSL,Month-to-month,No,Bank transfer,36.0,85770.13,16.0,70.98,3489.2,No,
CUST-1858,Female,0,No,Yes,25,Yes,DSL,Month-to-month,Yes,Bank transfer,45.0,77900.8,21.0,71.73,1755.32,No,
CUST-1670,Male,0,No,No,8,Yes,Fiber optic,One year,Yes,Mailed check,24.0,40323.91,8.0,23.55,147.97,No,
CUST-1584,Female,1,Yes,No,55,No,Fiber optic,Month-to-month,Yes,Mailed check,30.0,57645.39,20.0,100.46,5528.36,Yes,
CUST-1225,Female,0,No,No,54,Yes,DSL,Month-to-month,No,Credit card,19.0,66057.73,35.0,36.42,1916.25,No,
CUST-1172,Male,0,Yes,Yes,59,Yes,Fiber optic,Month-to-month,Yes,Credit card,69.0,101549.04,27.0,22.86,1242.07,No,
CUST-1267,Female,1,Yes,No,27,Yes,Fiber optic,Two year,Yes,Mailed check,71.0,34841.53,23.0,77.13,2024.46,No,
CUST-1245,Female,1,No,No,56,Yes,DSL,Month-to-month,No,Mailed check,43.0,24713.44,14.0,48.43,2777.4,No,
CUST-1435,Female,0,Yes,No,52,Yes,DSL,Month-to-month,Yes,Electronic check,34.0,,27.0,95.78,5049.42,No,
CUST-1983,Male,0,No,No,31,Yes,DSL,Month-to-month,Yes,Credit card,44.0,70876.48,20.0,63.27,1925.63,No,
CUST-1373,Female,0,Yes,No,47,Yes,Fiber optic,Month-to-month,Yes,Mailed check,32.0,48250.45,27.0,50.65,2438.68,No,
CUST-1084,Male,0,No,No,47,Yes,Fiber optic,One year,Yes,Bank transfer,49.0,42963.33,10.0,74.31,3531.13,No,
CUST-1917,Female,0,No,No,55,Yes,No,One year,No,Credit card,41.0,53948.29,19.0,27.79,1581.65,No,
CUST-1692,Male,0,Yes,Yes,3,Yes,Fiber optic,One year,Yes,Mailed check,28.0,34024.15,8.0,77.03,231.82,No,
CUST-1699,MALE,0,Yes,No,37,Yes,DSL,Month-to-month ,No,Bank transfer,65.0,64881.0,20.0,100.92,3754.85,No,
CUST-1348,Female,0,No,No,35,Yes,DSL,One year,Yes,Electronic check,21.0,43085.84,14.0,52.66,1825.76,No,
CUST-1400,Female,0,No,No,41,Yes,Fiber optic,One year,Yes,Credit card,69.0,49477.28,11.0,49.96,2032.83,No,
CUST-1570,Female,0,Yes,No,42,Yes,No,Month-to-month,No,Electronic check,25.0,79680.87,18.0,40.72,1676.02,No,
CUST-1063,Male,0,No,,21,Yes,DSL,Month-to-month,Yes,Mailed check,18.0,29690.58,9.0,35.18,706.04,Yes,
CUST-1171,Male,1,Yes,Yes,38,Yes,DSL,Month-to-month ,Yes,Electronic check,41.0,69443.33,18.0,95.2,3541.3,Yes,
CUST-1455,Male,0,No,Yes,55,Yes,Fiber optic,Month-to-month,Yes,Electronic check,21.0,21251.97,26.0,29.94,1698.9,No,
CUST-1769,Male,0,No,No,0,Yes,DSL,Month-to-month,No,Mailed check,44.0,56633.18,9.0,113.46,0.0,Yes,
CUST-1607,Female,0,No,Yes,33,Yes,Fiber optic,One year,No,Mailed check,36.0,40660.82,12.0,66.91,2180.16,No,
CUST-1976,Female,0,Yes,No,18,Yes,DSL,Month-to-month,Yes,Bank transfer,49.0,50717.43,7.0,32.0,,No,
CUST-1143,Female,0,Yes,No,46,No,DSL,One year,No,Bank transfer,47.0,56437.32,29.0,69.85,3222.2,No,
CUST-1269,Male,0,No,No,38,Yes,DSL,Month-to-month,Yes,Credit card,25.0,47162.32,16.0,109.87,4133.93,No,
CUST-1723,Male,1,No,No,21,Yes,No,Month-to-month,Yes,Mailed check,29.0,53065.92,15.0,44.1,965.84,No,
CUST-1532,Male,0,No,Yes,4,Yes,Fiber optic,Two year,Yes,Electronic check,36.0,74944.69,7.0,99.6,447.09,No,
CUST-1833,Female,1,No,Yes,26,Yes,DSL,Two year,Yes,Electronic check,27.0,40735.53,15.0,76.19,2016.65,No,
CUST-1230,Female,0,No,No,35,Yes,DSL,Month-to-month,Yes,Credit card,20.0,65773.68,21.0,23.8,816.7,No,
CUST-1519,Female,0,Yes,No,41,No,No,One year,No,Electronic check,56.0,78414.54,22.0,54.24,2226.93,No,
CUST-1563,Male,0,No,Yes,48,Yes,No,One year,No,Electronic check,67.0,27678.28,14.0,106.25,5102.55,No,
CUST-1610,Male,0,Yes,No,9,Yes,No,Month-to-month,No,Electronic check,38.0,119001.11,16.0,45.11,342.64,No,
CUST-1863,Female,0,No,No,3,Yes,DSL,One year,Yes,Electronic check,68.0,35536.59,0.0,112.32,294.21,No,
CUST-1064,Male,0,No,Yes,25,No,No,Two year,Yes,Mailed check,68.0,29022.74,13.0,96.28,2411.06,No,
CUST-1132,Male,0,No,No,25,Yes,DSL,One year,No,Electronic check,65.0,74030.22,18.0,113.43,2749.94,No,
CUST-1612,Female,0,Yes,Yes,51,Yes,No,Two year,No,Electronic check,71.0,25619.99,22.0,89.47,4560.55,No,
CUST-1317,Male,0,No,No,25,Yes,Fiber optic,Month-to-month,No,Bank transfer,,69430.48,12.0,91.9,2200.95,No,
CUST-1664,Male,0,Yes,No,14,Yes,Fiber optic,Two year,Yes,Credit card,50.0,89834.45,10.0,43.72,623.0,No,
CUST-1081,Female,1,Yes,Yes,26,Yes,DSL,One year,Yes,Credit card,24.0,39328.68,20.0,26.35,668.78,No,
CUST-1961,Male,0,No,No,46,Yes,No,Month-to-month,No,Bank transfer,53.0,34333.92,21.0,28.04,,No,
CUST-1214,Male,0,Yes,No,11,Yes,No,Month-to-month,No,Electronic check,52.0,55841.57,5.0,70.27,715.83,No,
CUST-1115,Female,1,Yes,Yes,45,Yes,No,Month-to-month,No,Credit card,53.0,64856.09,20.0,25.34,1127.18,No,
CUST-1411,Female,0,Yes,Yes,1,Yes,DSL,Month-to-month,No,Electronic check,69.0,81477.83,9.0,92.77,0.0,No,
CUST-1476,Male,0,Yes,Yes,12,Yes,Fiber optic,One year,No,Mailed check,46.0,41288.82,16.0,50.56,591.8,No,
CUST-1735,Male,0,No,No,23,Yes,Fiber optic,Two year,Yes,Mailed check,57.0,69507.17,16.0,94.83,2179.89,No,
CUST-1943,Male,0,No,No,34,Yes,DSL,Month-to-month,Yes,Mailed check,52.0,50534.29,17.0,78.55,2635.5,Yes,
CUST-1812,Male,0,No,No,67,Yes,DSL,Month-to-month,Yes,Mailed check,44.0,47200.95,23.0,86.66, 5726.83 ,No,
CUST-1288,Male,0,No,No,0,Yes,Fiber optic,Month-to-month,No,Bank transfer,63.0,47487.92,2.0,43.08,0.0,No,
CUST-1300,Male,0,No,No,12,No,No,Month-to-month,No,Mailed check,74.0,67050.57,20.0,23.45,244.52,No,
CUST-1879,Male,0,Yes,Yes,4,Yes,No,Month-to-month,Yes,Electronic check,41 yrs,46329.49,11.0,118.84,490.2,Yes,
CUST-1628,Male,0,No,No,27,Yes,Fiber optic,Two year,Yes,Mailed check,41.0,59611.53,20.0,54.95,1462.82,No,
CUST-1453,Female,1,No,No,47,Yes,No,Month-to-month,No,Electronic check,56.0,47496.21,17.0,109.87, 5145.25 ,Yes,
CUST-1167,Male,0,Yes,Yes,7,Yes,DSL,Month-to-month,No,Bank transfer,60.0,54739.13,18.0,62.22,410.77,Yes,
CUST-1757,Male,0,No,No,39,Yes,Fiber optic,One year,Yes,Electronic check,20.0,44332.41,16.0,49.67,1952.84,No,
CUST-1906,Female,0,Yes,No,50,No,DSL,Month-to-month,Yes,Bank transfer,41.0,43890.78,26.0,63.29,3102.63,Yes,
CUST-1679,Female,0,Yes,No,47,Yes,DSL,Month-to-month,Yes,Mailed check,61.0,86601.02,22.0,22.45,1022.0,No,
CUST-1006,Male,1,No,No,50,Yes,Fiber optic,Month-to-month,Yes,Electronic check,,40580.32,17.0,88.27,4375.56,No,
CUST-1721,Male,0,Yes,No,40,Yes,DSL,One year,No,Credit card,59.0,41085.15,19.0,78.63,3065.35,No,
CUST-1556,Female,0,Yes,No,37,Yes,Fiber optic,One year,No,Credit card,73.0,35094.99,12.0,28.4,1057.36,No,
CUST-1384,Male,0,Yes,No,43,Yes,Fiber optic,Month-to-month,Yes,Bank transfer,26.0,42326.55,21.0,40.34,1686.04,No,
CUST-1900,Male,0,No,Yes,68,No,DSL,Two year,No,Mailed check,61.0,,39.0,115.76,7782.91,No,
CUST-1040,Male,1,Yes,No,56,Yes,DSL,Two year,Yes,Credit card,72.0,67405.25,30.0,103.93,5834.56,No,
CUST-1783,Female,0,No,No,61,Yes,Fiber optic,One year,Yes,Credit card,70.0,91675.82,31.0,115.5,7031.81,No,
CUST-1512,Male,1,Yes,No,58,No,DSL,Two year,Yes,Mailed check,42.0,71303.71,21.0,29.39,1622.03,No,
CUST-1662,Male,0,No,Yes,39,Yes,DSL,Month-to-month ,No,Bank transfer,69.0,99449.33,19.0,87.19,3320.14,No,
CUST-1017,Female,0,Yes,No,27,Yes,DSL,Two year,Yes,Electronic check,55.0,43636.44,1.0,69.61,1908.96,No,
CUST-1396,Female,0,No,Yes,63,Yes,No,Month-to-month,Yes,Mailed check,71.0,80160.86,36.0,56.82,3533.31,No,
CUST-1720,Female,1,Yes,No,51,Yes,No,One year,Yes,Bank transfer,29.0,65207.25,26.0,56.98,2868.39,No,
CUST-1838,Female,0,Yes,No,13,Yes,Fiber optic,Month-to-month,No,Electronic check,60.0,38864.14,10.0,37.23,507.2,No,
CUST-1502,Male,1,Yes,No,42,Yes,DSL,One year,No,Bank transfer,27.0,70552.23,13.0,76.51,3232.46,No,
CUST-1683,Female,1,No,No,38,Yes,Fiber optic,Month-to-month,No,Mailed check,29.0,54342.45,24.0,25.86,976.93,No,
CUST-1356,Female,0,No,No,66,No,Fiber optic,Month-to-month,Yes,Bank transfer,19.0,61928.83,12.0,70.02,4641.51,Yes,
CUST-1730,Male,1,No,No,53,Yes,DSL,Two year,No,Mailed check,41.0,91886.83,16.0,84.51,4501.75,No,
CUST-1434,Female,0,No,No,21,Yes,No,Month-to-month,No,Electronic check,59.0,15000.0,14.0,45.18,917.17,Yes,
CUST-1676,Female,0,No,No,37,Yes,DSL,Month-to-month,Yes,Electronic check,29.0,39778.01,14.0,108.96,4047.87,No,
CUST-1928,Female,0,Yes,No,53,Yes,Fiber optic,Month-to-month,No,Bank transfer,46.0,44357.51,24.0,80.81,4309.02,No,
CUST-1018,Female,1,No,Yes,68,Yes,Fiber optic,Month-to-month,Yes,Mailed check,43.0,62557.91,27.0,40.68,2733.1,No,
CUST-1032,Female,1,Yes,No,6,Yes,DSL,Month-to-month,Yes,Bank transfer,35.0,61936.44,13.0,108.99,680.86,No,
CUST-1053,Female,0,No,No,40,Yes,DSL,Month-to-month,No,Mailed check,69.0,31322.48,23.0,25.04,1084.86,Yes,
CUST-1213,Male,0,No,No,67,Yes,DSL,Month-to-month,No,Bank transfer,46 yrs,50533.58,20.0,48.79,3292.75,No,
CUST-1849,Female,0,Yes,No,23,Yes,Fiber optic,Two year,Yes,Mailed check,33.0,44835.54,16.0,93.45,2062.71,No,
CUST-1730,Male,1,No,No,53,Yes,DSL,Two year,No,Mailed check,41.0,91886.83,16.0,84.51,4501.75,No,
CUST-1526,Male,1,No,Yes,17,No,DSL,Month-to-month,No,Bank transfer,18.0,66307.06,10.0,112.98,1940.01,Yes,
CUST-1191,Male,0,No,No,56,Yes,,One year,Yes,Bank transfer,20.0,65124.64,13.0,46.57,2545.28,No,
CUST-1283,Male,0,No,Yes,46,Yes,DSL,One year,No,Bank transfer,27.0,84356.22,22.0,107.92,5001.91,No,
CUST-1913,Female,0,Yes,No,60,Yes,Fiber optic,Month-to-month,Yes,Electronic check,,73403.85,23.0,101.42, 5974.97 ,No,
CUST-1078,Male,0,Yes,No,21,Yes,Fiber optic,Month-to-month,No,Credit card,20.0,19491.01,18.0,22.95,417.27,Yes,
CUST-1600,Male,0,Yes,No,41,Yes,DSL,Month-to-month,Yes,Bank transfer,46.0,45816.69,26.0,42.91,1715.54,Yes,
CUST-1576,Male,0,No,No,29,Yes,DSL,Month-to-month,No,Mailed check,33.0,46577.91,25.0,30.53,966.41,Yes,
CUST-1042,Female,0,Yes,No,61,Yes,Fiber optic,Month-to-month,No,Mailed check,69.0,77511.62,21.0,27.53,,No,
CUST-1597,Male,0,Yes,No,48,Yes,DSL,Two year,Yes,Electronic check,73.0,26872.17,24.0,54.26,2512.35,No,
CUST-1574,Male,1,Yes,Yes,28,Yes,Fiber optic,Two year,Yes,Electronic check,49.0,47881.96,9.0,52.22,1554.69,No,
CUST-1027,Female,0,Yes,No,38,No,DSL,Month-to-month,Yes,Bank transfer,71.0,15000.0,11.0,58.32,2169.42,No,
CUST-1272,Female,0,No,No,14,Yes,No,Month-to-month,Yes,Credit card,48.0,54203.96,9.0,102.58,1509.82,No,
CUST-1326,Male,0,Yes,No,50,Yes,Fiber optic,Month-to-month,Yes,Credit card,25.0,46975.78,20.0,48.33,2385.95,No,
CUST-1567,Female,0,Yes,Yes,25,Yes,No,Two year,No,Electronic check,66.0,48449.56,13.0,65.31,1607.23,No,
CUST-1025,Female,0,Yes,Yes,65,Yes,DSL,Two year,No,Mailed check,48.0,62781.28,29.0,42.55, 2671.12 ,No,
CUST-1208,Female,0,No,Yes,46,Yes,Fiber optic,Month-to-month,Yes,Credit card,25.0,,23.0,81.5,3689.53,No,
CUST-1916,Female,0,No,No,57,Yes,DSL,Two year,Yes,Credit card,46 yrs,70112.39,27.0,71.73,4036.07,No,
CUST-1030,Male,0,Yes,Yes,12,Yes,DSL,Two year,No,Mailed check,32.0,53797.2,12.0,71.23,816.2,No,
CUST-1292,Male,0,Yes,Yes,48,Yes,DSL,Two year,Yes,Electronic check,25.0,41532.48,30.0,42.95,2160.41,No,
CUST-1287,Male,0,No,No,12,Yes,DSL,One year,Yes,Mailed check,68.0,50285.25,2.0,85.76,1001.14,Yes,
CUST-1224,Female,0,No,Yes,24,Yes,No,One year,Yes,Electronic check,28.0,,16.0,119.79,2842.69,No,
CUST-1637,Male,0,Yes,No,21,Yes,Fiber optic,Month-to-month ,Yes,Mailed check,21.0,77894.36,19.0,98.7,2023.53,Yes,
CUST-1357,Female,0,Yes,Yes,2,No,DSL,Month-to-month,No,Bank transfer,24.0,68751.08,6.0,91.34,165.93,Yes,
CUST-1266,Female,0,No,No,72,No,DSL,Month-to-month,No,Mailed check,61.0,30223.67,20.0,118.27,8474.82,No,
CUST-1134,Male,0,No,No,16,Yes,DSL,One year,No,Credit card,71.0,,15.0,29.71,534.39,No,
CUST-1105,Female,0,Yes,,44,Yes,Fiber optic,One year,No,Bank transfer,20.0,80527.75,25.0,93.65,4138.92,No,
CUST-1007,Male,0,Yes,No,71,Yes,Fiber optic,Month-to-month,Yes,Bank transfer,63.0,66402.38,30.0,35.84,2549.0,No,
CUST-1125,Female,0,No,No,34,Yes,DSL,One year,Yes,Credit card,30.0,22158.32,10.0,65.61, 2129.46 ,No,
CUST-1593,Female,0,Yes,No,7,Yes,DSL,One year,No,Credit card,56.0,39827.11,7.0,49.17,448.27,No,
CUST-1988,Female,0,Yes,No,16,Yes,Fiber optic,Month-to-month,Yes,Credit card,70.0,37355.08,10.0,103.84,1761.12,No,
CUST-1958,Female,0,Yes,Yes,22,Yes,DSL,Month-to-month,No,Mailed check,43.0,23511.63,0.0,94.64,2007.55,No,
CUST-1509,Female,0,Yes,No,27,Yes,Fiber optic,Month-to-month,No,Credit card,70.0,35252.74,15.0,53.46,,Yes,
CUST-1378,Female,0,No,No,57,Yes,DSL,One year,Yes,Mailed check,74.0,44107.79,25.0,94.75,5436.92,No,
CUST-1700,Female,0,Yes,No,52,Yes,DSL,Month-to-month,Yes,Electronic check,27.0,85012.93,25.0,30.08,1571.16,No,
CUST-1608,Female,0,Yes,No,19,Yes,DSL,One year,Yes,Mailed check,64.0,51499.37,17.0,100.79,1946.87,No,
CUST-1797,Male,0,No,No,48,Yes,Fiber optic,One year,Yes,Mailed check,59.0,49743.88,21.0,89.85,4321.14,No,
CUST-1596,Male,0,No,Yes,11,Yes,Fiber optic,Month-to-month,Yes,Electronic check,24.0,60972.13,15.0,20.38,243.81,No,
CUST-1555,Female,0,No,No,19,Yes,Fiber optic,Month-to-month,Yes,Mailed check,50.0,66055.57,14.0,64.11,1302.41,No,
CUST-1199,Male,0,No,No,2,Yes,Fiber optic,Month-to-month,No,Mailed check,59.0,64420.61,7.0,51.23,184.59,No,
CUST-1678,Female,0,Yes,Yes,70,Yes,No,One year,No,Electronic check,48.0,63169.48,27.0,40.01,2876.88,No,
CUST-1548,Female,1,Yes,No,19,No,Fiber optic,Month-to-month,Yes,Electronic check,60.0,44172.97,10.0,53.71,944.61,No,
CUST-1973,Male,0,Yes,No,6,Yes,DSL,Month-to-month,No,Electronic check,25.0,66674.4,18.0,54.73,273.78,Yes,
CUST-1839,Male,0,No,No,24,Yes,DSL,Month-to-month,No,Credit card,58.0,42212.84,8.0,100.21,2328.92,Yes,
CUST-1119,Male,0,No,No,47,Yes,Fiber optic,Two year,Yes,Bank transfer,73.0,58808.45,22.0,50.5,2416.13,No,
CUST-1452,Female,0,No,No,49,Yes,Fiber optic,Month-to-month,Yes,Mailed check,28.0,55322.75,26.0,51.89,2596.3,No,
CUST-1080,Male,0,Yes,Yes,5,No,DSL,One year,No,Electronic check,18.0,37019.31,9.0,40.58,161.36,No,
CUST-1914,Female,0,Yes,Yes,53,Yes,No,One year,No,Credit card,55.0,25390.16,22.0,88.57,4734.14,No,
CUST-1982,Female,0,No,No,34,Yes,,One year,Yes,Credit card,53.0,55083.39,20.0,81.11,2829.95,No,
CUST-1709,Female,1,Yes,Yes,56,Yes,DSL,One year,Yes,Credit card,62.0,59651.66,17.0,22.58,1213.08,No,
CUST-1301,Male,0,No,No,68,Yes,DSL,Month-to-month,Yes,Bank transfer,46.0,75245.82,33.0,80.74,5508.34,No,
CUST-1211,Male,0,No,No,68,Yes,No,Month-to-month,Yes,Mailed check,27.0,34414.11,25.0,93.43,6419.21,No,
CUST-1698,Female,0,No,No,62,Yes,DSL,One year,Yes,Credit card,53.0,,25.0,46.79,2871.22,No,
CUST-1671,Female,1,No,No,39,Yes,DSL,Month-to-month,Yes,Credit card,,32771.02,20.0,35.19,1390.86,No,
CUST-1734,Female,0,No,No,16,Yes,DSL,Month-to-month,Yes,Credit card,52.0,89823.26,19.0,34.76,550.28,Yes,
CUST-1882,MALE,1,Yes,Yes,67,Yes,No,Month-to-month,Yes,Mailed check,25.0,40819.17,23.0,92.11,6199.46,No,
CUST-1697,Female,1,Yes,No,58,Yes,Fiber optic,Month-to-month,Yes,Mailed check,,37706.87,20.0,94.36,5462.99,No,
CUST-1809,Male,0,No,No,65,Yes,Fiber optic,Two year,No,Bank transfer,65.0,42742.54,24.0,63.86,4230.93,No,
CUST-1315,Female,0,Yes,Yes,28,Yes,No,Month-to-month,No,Bank transfer,18.0,54802.07,11.0,29.87,755.53,No,
CUST-1767,Female,0,Yes,Yes,8,No,Fiber optic,Month-to-month,No,Electronic check,72.0,80443.89,15.0,94.96,882.6,No,
CUST-1403,Male,0,No,No,10,Yes,DSL,Two year,Yes,Mailed check,43.0,64590.55,19.0,118.05,1176.24,No,
CUST-1763,Female,0,No,No,29,Yes,Fiber optic,Month-to-month,No,Credit card,35.0,66741.3,15.0,108.46,3137.79,Yes,
CUST-1654,Female,0,No,No,54,Yes,No,One year,No,Electronic check,54.0,55599.14,22.0,30.52,1658.25,No,
CUST-1706,Female,0,Yes,Yes,71,Yes,Fiber optic,Month-to-month,No,Mailed check,62.0,29814.8,21.0,47.14,3398.49,Yes,
CUST-1495,Male,0,Yes,No,67,Yes,DSL,One year,No,Electronic check,57.0,47481.96,22.0,60.62,4002.67,No,
CUST-1538,Male,0,No,No,63,Yes,DSL,One year,Yes,Electronic check,25.0,44816.43,17.0,90.68,5673.68,Yes,
CUST-1015,Male,0,No,,4,Yes,DSL,Month-to-month,No,Electronic check,69.0,57430.94,19.0,111.59,477.42,No,
CUST-1834,Male,1,Yes,No,8,Yes,No,One year,No,Electronic check,34.0,45665.17,10.0,27.43,201.95,No,
CUST-1931,Female,0,Yes,No,21,Yes,Fiber optic,Month-to-month,Yes,Mailed check,24.0,59920.6,12.0,22.9,527.45,Yes,
CUST-1436,Female,0,Yes,No,3,No,Fiber optic,Month-to-month,Yes,Credit card,63.0,91689.92,12.0,44.19,219.04,No,
CUST-1101,Female,0,Yes,No,29,Yes,Fiber optic,Two year,Yes,Mailed check,72.0,49296.59,14.0,96.48,2693.75,No,
CUST-1374,Male,0,No,No,24,Yes,Fiber optic,Month-to-month,No,Credit card,27.0,36508.32,16.0,21.79,532.28,Yes,
CUST-1451,Female,0,Yes,No,45,Yes,Fiber optic,Month-to-month,No,Bank transfer,38.0,26898.67,22.0,61.48,2774.37,Yes,
CUST-1541,Female,0,No,No,64,Yes,DSL,Month-to-month,No,Mailed check,60.0,67825.07,29.0,43.75,2837.47,No,
CUST-1299,Female,1,Yes,No,70,Yes,No,Month-to-month,Yes,Electronic check,59 yrs,57267.93,15.0,40.67,,No,
CUST-1891,MALE,0,Yes,No,71,Yes,No,Month-to-month,No,Electronic check,66.0,41199.91,24.0,108.42,7749.77,No,
CUST-1262,Male,0,Yes,No,41,Yes,,Month-to-month,Yes,Electronic check,66.0,59616.31,28.0,53.5,2187.76,Yes,
CUST-1725,Male,0,No,No,12,Yes,No,Month-to-month,Yes,Credit card,27.0,62210.38,18.0,19.62,289.06,No,
CUST-1828,Male,0,Yes,No,39,Yes,No,Month-to-month,Yes,Bank transfer,31.0,66334.06,15.0,74.96,2942.34,No,
CUST-1174,Female,0,Yes,Yes,53,Yes,DSL,Two year,No,Mailed check,21.0,,24.0,25.33,1375.31,No,
CUST-1467,Male,0,No,Yes,11,Yes,Fiber optic,Two year ,Yes,Electronic check,19.0,63333.32,13.0,71.28,814.4,No,
CUST-1896,Female,0,Yes,No,54,Yes,No,One year,Yes,Bank transfer,61.0,68300.01,14.0,18.62,949.52,No,
CUST-1459,Male,0,No,No,17,Yes,DSL,Two year,Yes,Mailed check,62.0,24090.72,14.0,74.53,1187.75,No,
CUST-1344,Male,0,No,No,7,No,DSL,Month-to-month,No,Electronic check,39.0,,8.0,102.29,747.34,Yes,
CUST-1753,Female,0,Yes,No,12,Yes,Fiber optic,Two year,No,Mailed check,36.0,47967.3,16.0,112.77,1343.73,No,
CUST-1468,Male,0,Yes,No,42,No,Fiber optic,One year,Yes,Bank transfer,55.0,64371.64,28.0,61.94,2578.53,No,
CUST-1798,Male,0,Yes,No,10,No,Fiber optic,Month-to-month,No,Mailed check,67.0,72892.8,18.0,90.64,863.91,No,
CUST-1966,Male,1,Yes,No,58,Yes,Fiber optic,One year,Yes,Electronic check,49.0,15000.0,19.0,20.01,1130.13,No,
CUST-1619,MALE,0,Yes,No,55,Yes,Fiber optic,Month-to-month,No,Bank transfer,43.0,48518.97,11.0,108.91,5991.0,No,
CUST-1715,Female,0,No,Yes,48,Yes,Fiber optic,One year,No,Bank transfer,56.0,45405.2,16.0,65.75,3164.82,No,
CUST-1909,Female,1,Yes,,38,Yes,No,Month-to-month,No,Bank transfer,53.0,75493.07,17.0,42.56,1562.63,No,
CUST-1340,Male,0,Yes,No,17,Yes,Fiber optic,One year,Yes,Bank transfer,25.0,20215.04,9.0,82.83,1422.61,No,
CUST-1886,Male,0,No,No,63,Yes,DSL,Two year,No,Bank transfer,62.0,52950.15,22.0,66.36, 4189.59 ,No,
CUST-1786,Male,0,Yes,No,16,Yes,Fiber optic,Month-to-month,Yes,Bank transfer,61.0,46173.67,6.0,116.38,1873.69,No,
CUST-1639,Female,0,Yes,No,30,Yes,DSL,Month-to-month,Yes,Electronic check,35.0,41567.09,17.0,76.45,2364.34,No,
CUST-1659,Female,0,Yes,No,12,Yes,DSL,Month-to-month,No,Electronic check,45.0,83918.33,23.0,20.47,194.3,No,
CUST-1507,Male,0,Yes,No,10,Yes,Fiber optic,Month-to-month,No,Mailed check,63.0,82948.03,12.0,99.49,,No,
CUST-1638,Female,0,No,No,1,Yes,Fiber optic,Two year,Yes,Credit card,39.0,69915.51,14.0,79.39,110.94,No,
CUST-1813,Female,0,Yes,Yes,48,No,No,Month-to-month,Yes,Bank transfer,33.0,60012.34,15.0,119.71,5724.2,No,
CUST-1866,Male,0,No,No,0,Yes,DSL,Two year,No,Electronic check,69.0,81866.1,7.0,72.25,,No,
CUST-1826,Male,0,No,No,41,Yes,DSL,One year,Yes,Bank transfer,61.0,40657.66,14.0,95.16,3898.62,Yes,
CUST-1747,Male,0,No,Yes,60,No,Fiber optic,Month-to-month,No,Electronic check,29.0,70811.83,28.0,89.29,5320.52,No,
CUST-1780,Male,0,No,Yes,11,No,No,Month-to-month,Yes,Electronic check,47.0,48629.73,11.0,85.54,936.28,No,
CUST-1743,Male,0,Yes,Yes,58,Yes,DSL,Month-to-month ,No,Credit card,26.0,42000.06,14.0,44.98,2589.4,No,
CUST-1727,Male,0,No,Yes,41,Yes,Fiber optic,Two year,No,Mailed check,67.0,64587.68,14.0,75.23,3086.95,No,
CUST-1710,Male,0,No,No,5,Yes,DSL,Two year,No,Bank transfer,41.0,37628.0,9.0,35.15,121.7,No,
CUST-1951,Female,0,Yes,No,30,No,Fiber optic,One year,No,Credit card,58.0,43827.07,8.0,70.83,2091.46,No,
CUST-1869,Female,0,No,No,2,Yes,Fiber optic,One year,Yes,Credit card,74.0,63938.52,14.0,98.6,102.16,No,
CUST-1135,Male,0,Yes,No,42,Yes,Fiber optic,One year,No,Electronic check,58.0,75079.21,19.0,115.57,4775.53,No,
CUST-1636,Male,1,Yes,No,37,Yes,DSL,Month-to-month,No,Electronic check,,42275.44,17.0,25.14,926.78,Yes,
CUST-1788,Female,0,No,No,39,Yes,Fiber optic,One year,Yes,Mailed check,53.0,44095.84,14.0,19.86,774.03,No,
CUST-1247,Male,0,Yes,No,28,Yes,DSL,One year,No,Credit card,74.0,54794.19,18.0,103.14,2841.19,No,
CUST-1319,Female,0,No,No,24,Yes,DSL,Month-to-month,No,Bank transfer,68.0,,18.0,46.8,1126.02,No,
CUST-1305,Male,0,Yes,No,6,Yes,DSL,Two year,No,Mailed check,20.0,66527.43,16.0,110.27,587.05,No,
CUST-1375,Female,0,Yes,Yes,35,Yes,Fiber optic,Month-to-month,No,Mailed check,32.0,80836.6,18.0,54.81,1816.96,Yes,
CUST-1856,Male,1,No,Yes,52,Yes,Fiber optic,Month-to-month,Yes,Electronic check,55 yrs,29492.01,13.0,62.34,3285.62,Yes,
CUST-1972,Male,1,Yes,No,12,Yes,Fiber optic,Month-to-month,No,Credit card,70.0,42193.71,9.0,89.91,1037.6,No,
CUST-1542,Male,0,Yes,No,14,Yes,DSL,Month-to-month,Yes,Bank transfer,38.0,47581.45,15.0,76.8, 1076.85 ,No,
CUST-1675,Male,0,Yes,Yes,43,Yes,Fiber optic,One year,No,Bank transfer,48.0,71938.38,31.0,72.93,3163.29,No,
CUST-1755,Female,0,Yes,Yes,20,Yes,Fiber optic,Month-to-month,No,Electronic check,48.0,44789.29,10.0,96.39,1972.18,No,
CUST-1625,Female,0,No,No,59,Yes,Fiber optic,Month-to-month,No,Electronic check,23.0,45215.8,21.0,105.26,6257.25,Yes,
CUST-1397,Female,1,Yes,Yes,35,Yes,Fiber optic,Two year,Yes,Bank transfer,39.0,77519.79,18.0,19.89,,No,
CUST-1146,Male,0,No,No,42,Yes,No,One year,Yes,Credit card,27.0,31771.25,18.0,93.73,4000.15,No,
CUST-1633,Male,0,No,Yes,25,No,No,One year,Yes,Mailed check,49.0,61721.8,21.0,89.36,2257.4,No,
CUST-1814,Female,0,Yes,No,42,Yes,No,Month-to-month,Yes,Electronic check,72.0,57464.33,27.0,97.58,4041.11,No,
CUST-1461,Male,0,Yes,No,7,Yes,No,Month-to-month,No,Electronic check,74.0,38721.3,3.0,60.58,413.66,No,
CUST-1595,Female,0,Yes,No,52,Yes,DSL,Month-to-month,No,Bank transfer,,66838.91,29.0,69.17,3556.49,No,
CUST-1140,Female,0,No,No,38,Yes,Fiber optic,One year,No,Electronic check,73.0,56854.75,17.0,83.44,3239.82,No,
CUST-1901,Female,0,Yes,No,72,Yes,DSL,Month-to-month,Yes,Bank transfer,68.0,71023.16,29.0,115.79,8211.73,No,
CUST-1957,Male,0,Yes,No,48,Yes,Fiber optic,Two year,Yes,Mailed check,49.0,79129.79,22.0,44.65,2143.45,No,
CUST-1702,Male,0,No,Yes,27,Yes,No,One year,No,Credit card,73.0,78414.25,25.0,28.01,837.17,No,
CUST-1749,Female,0,No,No,1,Yes,DSL,Month-to-month,Yes,Electronic check,61.0,83182.41,22.0,100.14,128.74,No,
CUST-1954,Male,0,No,No,5,Yes,Fiber optic,Month-to-month,No,Electronic check,22.0,,14.0,111.42,542.21,No,
CUST-1026,Female,0,Yes,No,46,Yes,Fiber optic,Month-to-month,Yes,Mailed check,30.0,50901.52,25.0,107.47,5017.9,No,
CUST-1155,Female,0,Yes,Yes,32,Yes,Fiber optic,Month-to-month,No,Bank transfer,32.0,84112.67,18.0,30.4,921.55,No,
CUST-1889,Male,0,No,No,9,Yes,DSL,One year,No,Credit card,40.0,34494.31,17.0,42.59, 374.51 ,Yes,
CUST-1580,Female,0,Yes,Yes,61,Yes,DSL,Month-to-month,No,Bank transfer,52.0,76445.83,27.0,53.06,,Yes,
CUST-1682,Male,0,Yes,Yes,54,Yes,No,Month-to-month,Yes,Mailed check,56.0,81912.24,33.0,115.01,6176.72,Yes,
CUST-1685,Female,1,No,Yes,58,Yes,Fiber optic,One year,No,Credit card,54.0,63497.59,23.0,108.18,6285.28,No,
CUST-1649,Male,1,Yes,No,59,Yes,Fiber optic,One year,Yes,Bank transfer,32.0,35522.48,20.0,20.29,,No,
CUST-1515,Male,1,Yes,No,20,Yes,No,Two year,Yes,Bank transfer,58.0,67893.01,13.0,119.75,2359.8,No,
CUST-1578,Female,0,No,No,15,Yes,DSL,One year,No,Bank transfer,49.0,52920.25,23.0,22.74,417.33,No,
CUST-1099,MALE,0,Yes,No,20,Yes,DSL,Month-to-month,No,Electronic check,71.0,47075.03,19.0,62.88,1273.56,No,
CUST-1853,Male,0,Yes,No,26,Yes,Fiber optic,One year,Yes,Credit card,21.0,57973.52,19.0,44.63,1202.54,Yes,
CUST-1898,Male,0,Yes,,55,Yes,DSL,Month-to-month,No,Mailed check,30.0,40763.55,21.0,30.12,1626.96,No,
CUST-1166,Female,0,No,No,64,Yes,Fiber optic,Two year,No,Electronic check,47.0,63312.75,27.0,93.43,5931.02,No,
CUST-1873,Male,0,No,No,37,Yes,DSL,One year,No,Credit card,67.0,50779.32,19.0,45.85,1596.86,No,
CUST-1023,Female,0,No,Yes,18,Yes,DSL,Month-to-month,Yes,Bank transfer,45.0,91239.32,19.0,119.35,,Yes,
CUST-1552,Male,1,Yes,No,42,No,Fiber optic,One year,No,Electronic check,27.0,29974.3,15.0,73.77,3128.12,No,
CUST-1204,Female,0,Yes,No,4,Yes,DSL,One year,Yes,Credit card,46.0,64638.51,12.0,93.93,380.14,Yes,
CUST-1033,Female,0,Yes,No,13,Yes,DSL,Two year,No,Electronic check,64.0,45456.77,9.0,21.17,217.96,No,
CUST-1095,Female,0,No,No,58,Yes,Fiber optic,One year,Yes,Mailed check,24.0,33507.24,23.0,33.9,1952.94,No,
CUST-1565,Female,0,No,Yes,35,Yes,Fiber optic,Month-to-month,No,Bank transfer,35.0,23281.02,7.0,90.63,3227.38,No,
CUST-1370,Female,0,No,No,8,No,Fiber optic,Month-to-month,No,Bank transfer,58.0,45278.81,5.0,30.99,261.35,No,
CUST-1635,Female,0,No,No,63,Yes,Fiber optic,One year,No,Electronic check,70.0,44673.32,19.0,101.55,6408.0,No,
CUST-1947,Female,0,Yes,No,14,No,DSL,One year,No,Credit card,,71225.81,9.0,87.98,1200.24,No,
CUST-1660,Female,0,No,No,47,Yes,Fiber optic,Month-to-month,Yes,Mailed check,47.0,95384.65,16.0,57.05,2678.8,No,
CUST-1009,Female,0,Yes,No,52,No,DSL,Month-to-month,No,Bank transfer,67.0,63517.25,28.0,103.24,5373.54,Yes,
CUST-1010,Male,0,No,Yes,4,Yes,Fiber optic,Two year,No,Mailed check,65 yrs,70331.9,13.0,95.02,438.25,No,
CUST-1079,Female,0,Yes,No,66,Yes,Fiber optic,Two year,Yes,Bank transfer,32.0,70605.76,30.0,84.42,5509.22,No,
CUST-1964,Male,1,No,No,5,Yes,No,Month-to-month,Yes,Bank transfer,22.0,76417.77,16.0,33.95,168.41,No,
CUST-1350,FEMALE,0,No,No,48,Yes,Fiber optic,Month-to-month,No,Electronic check,21.0,55769.11,19.0,65.24,3045.52,No,
CUST-1118,Female,0,No,,5,Yes,No,Month-to-month,No,Electronic check,62.0,42741.68,17.0,116.87,620.55,No,
CUST-1935,Male,0,No,Yes,46,Yes,Fiber optic,Two year,Yes,Mailed check,40.0,49622.14,11.0,88.0,4051.14,No,
CUST-1234,Female,0,No,No,60,Yes,No,Month-to-month,No,Electronic check,40.0,45698.79,22.0,47.16,2795.89,No,
CUST-1520,Female,0,Yes,No,37,Yes,DSL,One year,No,Credit card,71.0,68015.44,22.0,29.14,1075.25,No,
CUST-1907,Male,0,Yes,Yes,29,Yes,No,One year,Yes,Mailed check,36.0,46809.16,14.0,24.56,714.15,No,
CUST-1289,Female,1,No,Yes,33,Yes,No,Two year,Yes,Credit card,51.0,20423.23,11.0,106.41,3464.02,No,
CUST-1216,Female,0,Yes,No,26,Yes,No,Month-to-month ,Yes,Bank transfer,25.0,15000.0,17.0,101.59, 2629.99 ,No,
CUST-1049,Female,0,No,Yes,27,Yes,Fiber optic,Month-to-month,No,Bank transfer,26.0,52261.47,13.0,27.61,763.65,Yes,
CUST-1500,Male,0,Yes,No,65,Yes,DSL,Month-to-month,No,Credit card,69.0,58944.78,27.0,86.91,5698.86,No,
CUST-1930,Male,0,No,No,20,Yes,DSL,One year,No,Mailed check,23.0,43087.6,10.0,29.71, 560.34 ,No,
CUST-1894,Female,0,No,Yes,4,Yes,Fiber optic,One year,No,Bank transfer,45.0,42976.55,10.0,30.22,165.76,No,
CUST-1493,Female,0,No,No,9,Yes,DSL,Month-to-month,No,Credit card,67.0,69088.54,10.0,76.66,698.67,Yes,
CUST-1609,Female,0,No,Yes,49,Yes,No,One year,No,Bank transfer,29.0,78250.21,24.0,95.41,4633.78,No,
CUST-1144,Female,0,Yes,No,62,Yes,Fiber optic,Two year,Yes,Electronic check,61.0,,24.0,59.87,3834.73,No,
CUST-1474,Male,0,Yes,No,14,Yes,Fiber optic,Two year,Yes,Electronic check,21.0,65734.61,17.0,32.55,575.72,No,
CUST-1686,Female,0,Yes,Yes,61,Yes,No,Month-to-month,Yes,Bank transfer,65.0,66700.34,19.0,94.31,5754.44,No,
CUST-1992,Female,0,No,No,31,Yes,Fiber optic,Month-to-month,Yes,Credit card,42.0,,23.0,88.92,2656.78,Yes,
CUST-1333,Male,0,No,No,14,Yes,Fiber optic,One year,Yes,Mailed check,49.0,51708.24,9.0,83.27,1180.25,No,
CUST-1112,Female,0,No,Yes,9,Yes,DSL,Month-to-month,Yes,Mailed check,50.0,54989.09,10.0,19.13,181.78,No,
CUST-1732,Male,0,Yes,Yes,0,Yes,DSL,Month-to-month,No,Bank transfer,54.0,54308.72,9.0,70.9,31.67,Yes,
CUST-1549,Male,0,No,Yes,49,Yes,,Two year,No,Bank transfer,,64789.89,17.0,40.89,1965.0,No,
CUST-1360,Female,0,No,,39,Yes,DSL,Month-to-month,Yes,Credit card,34.0,,13.0,29.77,1092.79,No,
CUST-1668,Male,0,No,No,12,Yes,DSL,One year,Yes,Bank transfer,34.0,39394.53,21.0,95.74,1219.74,No,
CUST-1407,Female,0,No,Yes,58,Yes,No,Two year,Yes,Mailed check,20.0,45534.12,18.0,119.04,6866.98,No,
CUST-1338,Female,0,No,Yes,29,Yes,Fiber optic,One year,Yes,Electronic check,68.0,17523.05,19.0,19.95,703.06,No,
CUST-1701,Female,0,No,No,66,No,Fiber optic,Month-to-month,Yes,Credit card,36.0,68868.21,25.0,95.12,6232.51,No,
CUST-1937,Male,0,Yes,No,16,Yes,Fiber optic,One year,No,Mailed check,55.0,110681.73,10.0,36.03,521.82,No,
CUST-1644,Female,0,No,Yes,63,Yes,DSL,One year,No,Bank transfer,73.0,60941.22,16.0,77.54,4824.2,No,
CUST-1594,Female,0,Yes,Yes,19,No,Fiber optic,Two year,No,Electronic check,27.0,51543.18,15.0,68.54,1370.23,No,
CUST-1351,Male,0,No,,44,No,Fiber optic,Two year,Yes,Mailed check,64.0,67492.66,13.0,34.08,1553.39,No,
CUST-1673,Female,0,No,Yes,72,Yes,Fiber optic,Two year,Yes,Bank transfer,70.0,83617.78,22.0,101.01,7210.59,No,
CUST-1463,Male,0,No,No,37,Yes,Fiber optic,Month-to-month,No,Electronic check,68.0,22494.88,13.0,58.11,2267.51,Yes,
CUST-1462,Female,0,No,No,53,Yes,Fiber optic,Month-to-month,Yes,Bank transfer,53.0,110706.92,28.0,95.32,5047.48,No,
CUST-1420,Female,1,Yes,Yes,61,Yes,Fiber optic,Two year,No,Mailed check,45.0,57370.52,24.0,82.21,4980.04,No,
CUST-1618,MALE,0,Yes,No,39,Yes,Fiber optic,Month-to-month,No,Bank transfer,18.0,39997.26,20.0,89.74,,No,
CUST-1322,Female,0,Yes,No,72,Yes,,Month-to-month,No,Mailed check,,63346.2,20.0,118.74,8543.37,No,
CUST-1728,Male,1,Yes,Yes,48,Yes,DSL,Month-to-month,Yes,Electronic check,53.0,66315.0,13.0,57.16,2798.48,Yes,
CUST-1438,Male,0,Yes,No,69,Yes,Fiber optic,Two year,Yes,Electronic check,21.0,65380.42,22.0,88.87,6164.7,No,
CUST-1854,Male,0,No,Yes,14,Yes,Fiber optic,One year,No,Bank transfer,51.0,71995.76,9.0,27.97,335.38,No,
CUST-1183,Male,0,No,No,39,Yes,Fiber optic,One year,Yes,Mailed check,36.0,55397.47,21.0,81.85,3201.11,No,
CUST-1367,Female,0,No,No,1,Yes,Fiber optic,Month-to-month,No,Electronic check,43.0,72793.69,14.0,59.22,57.77,No,
CUST-1890,Male,0,No,No,51,Yes,Fiber optic,One year,No,Mailed check,29.0,55343.46,16.0,33.77,1703.84,No,
CUST-1342,Male,0,No,Yes,47,Yes,Fiber optic,Two year,Yes,Credit card,22.0,47755.41,17.0,96.14,4484.07,No,
CUST-1306,Female,1,No,Yes,57,Yes,Fiber optic,One year,Yes,Electronic check,35.0,30808.56,25.0,66.46,3728.07,No,
CUST-1217,Male,1,No,Yes,55,Yes,Fiber optic,One year ,No,Mailed check,46.0,36402.29,24.0,95.66,5307.27,No,
CUST-1970,Female,0,No,No,16,No,Fiber optic,One year,Yes,Bank transfer,71.0,31977.17,12.0,51.58,851.63,No,
CUST-1037,Male,0,No,Yes,28,Yes,DSL,Month-to-month,Yes,Credit card,66.0,21907.85,19.0,25.31,693.83,No,
CUST-1313,Male,1,Yes,No,24,Yes,Fiber optic,Month-to-month,Yes,Electronic check,24.0,42087.33,13.0,59.84,1460.92,Yes,
CUST-1583,Female,1,No,No,58,Yes,DSL,One year,Yes,Electronic check,54.0,53309.46,15.0,108.58,6299.49,No,
CUST-1188,Male,0,No,No,21,Yes,DSL,One year,Yes,Mailed check,68.0,17438.47,8.0,75.29,1613.71,No,
CUST-1481,Female,0,Yes,No,29,Yes,No,Month-to-month,No,Electronic check,59.0,66010.95,22.0,44.77,1302.71,No,
CUST-1036,Female,0,Yes,Yes,19,No,Fiber optic,Month-to-month,Yes,Bank transfer,65.0,40436.95,9.0,85.92,1635.93,No,
CUST-1899,Male,0,Yes,Yes,58,Yes,DSL,Month-to-month,Yes,Electronic check,42.0,63535.29,21.0,104.67,6105.48,No,
CUST-1770,Male,0,No,Yes,43,Yes,No,One year,No,Electronic check,61.0,61188.48,13.0,106.5,4533.89,No,
CUST-1870,Male,1,No,No,20,Yes,DSL,One year,Yes,Credit card,32.0,,22.0,59.55,1217.59,No,
CUST-1522,Female,1,No,Yes,13,Yes,No,Month-to-month,No,Mailed check,48.0,44265.16,12.0,67.82,906.22,No,
CUST-1478,Male,0,No,Yes,58,Yes,Fiber optic,Two year,Yes,Electronic check,44.0,,14.0,46.49,2710.19,No,
CUST-1233,FEMALE,0,No,No,38,Yes,Fiber optic,Month-to-month,No,Bank transfer,21.0,74046.34,23.0,113.05,4254.73,No,
CUST-1102,Female,0,Yes,Yes,24,Yes,Fiber optic,Month-to-month,No,Credit card,68.0,61679.34,8.0,28.73,710.4,No,
CUST-1756,Female,0,Yes,No,54,Yes,Fiber optic,Month-to-month,No,Credit card,68.0,57312.65,13.0,78.35,4165.88,No,
CUST-1758,Male,0,Yes,No,14,Yes,Fiber optic,Month-to-month,Yes,Credit card,40.0,59575.71,12.0,119.43,1652.26,Yes,
CUST-1719,Female,0,No,Yes,61,Yes,Fiber optic,Month-to-month,Yes,Credit card,28.0,62241.38,19.0,51.94,3077.68,No,
CUST-1065,Female,0,No,No,42,Yes,Fiber optic,Two year,Yes,Electronic check,46 yrs,,18.0,94.44,3944.44,No,
CUST-1418,Female,0,No,Yes,22,Yes,No,Month-to-month,No,Bank transfer,60.0,70235.33,15.0,23.44,591.49,Yes,
CUST-1163,Female,0,Yes,No,62,Yes,Fiber optic,Month-to-month,Yes,Credit card,48.0,54088.14,14.0,97.77,6118.55,Yes,
CUST-1263,Male,0,No,No,9,Yes,Fiber optic,One year,Yes,Electronic check,30.0,53425.46,14.0,53.34,553.38,No,
CUST-1231,Female,0,No,Yes,48,Yes,Fiber optic,Month-to-month,Yes,Electronic check,33.0,43225.05,19.0,23.35,1157.62,Yes,
CUST-1560,Female,1,No,No,12,Yes,Fiber optic,Month-to-month,No,Bank transfer,48.0,51480.38,5.0,80.51,921.48,Yes,
CUST-1235,Female,1,No,No,8,Yes,DSL,Month-to-month,No,Credit card,74.0,31806.57,13.0,61.57,381.71,No,
CUST-1491,Male,0,Yes,Yes,2,Yes,DSL,Month-to-month,Yes,Electronic check,42.0,70399.72,13.0,118.78,208.9,Yes,
CUST-1175,Female,1,No,No,36,Yes,Fiber optic,One year,Yes,Bank transfer,46.0,35664.45,16.0,77.1,2752.83,No,
CUST-1806,Female,0,No,No,18,Yes,Fiber optic,Two year,No,Bank transfer,74.0,33811.98,7.0,86.36,1620.37,No,
CUST-1860,Female,1,No,No,33,Yes,DSL,Month-to-month,No,Electronic check,31.0,60243.85,26.0,81.86,,Yes,
CUST-1071,Female,0,No,No,53,Yes,No,Month-to-month,Yes,Mailed check,45.0,64541.68,22.0,61.07,3217.5,No,
CUST-1289,Female,1,No,Yes,33,Yes,No,Two year,Yes,Credit card,51.0,20423.23,11.0,106.41,3464.02,No,
CUST-1089,Female,0,No,No,28,Yes,DSL,Two year,No,Credit card,62.0,43680.59,12.0,99.1,2793.28,No,
CUST-1117,Female,0,No,No,31,Yes,Fiber optic,One year,No,Mailed check,40.0,73885.87,23.0,54.01,1602.52,No,
CUST-1321,Male,0,No,No,27,No,No,Two year,No,Bank transfer,54.0,50052.6,16.0,114.39,3115.1,No,
CUST-1632,MALE,0,Yes,Yes,35,Yes,DSL,Month-to-month,Yes,Credit card,46.0,66669.51,17.0,58.64,2022.26,Yes,
CUST-1971,Male,0,No,Yes,13,Yes,DSL,One year,Yes,Electronic check,28.0,75337.31,15.0,26.97,267.36,No,
CUST-1547,Female,0,No,No,49,Yes,No,One year,Yes,Credit card,74.0,15000.0,16.0,97.88,4775.44,No,
CUST-1061,Male,0,No,No,23,Yes,Fiber optic,Month-to-month,No,Bank transfer,30.0,89082.55,17.0,68.02,1626.85,Yes,
CUST-1714,Female,0,Yes,Yes,58,Yes,No,Month-to-month,No,Bank transfer,36.0,,23.0,74.27,4314.08,Yes,
CUST-1186,Female,0,Yes,No,17,Yes,No,Month-to-month,No,Electronic check,44.0,52038.19,17.0,39.47,628.64,No,
CUST-1680,Female,1,Yes,Yes,17,Yes,Fiber optic,Month-to-month,Yes,Bank transfer,36.0,58761.18,28.0,49.15,,No,
CUST-1401,Female,0,No,Yes,60,Yes,Fiber optic,Month-to-month ,No,Mailed check,46.0,31761.16,13.0,79.01,4778.91,No,
CUST-1232,Female,0,Yes,No,57,Yes,Fiber optic,Month-to-month,No,Credit card,68.0,47043.33,28.0,61.6,3601.66,No,
CUST-1562,Male,0,No,Yes,36,Yes,Fiber optic,Month-to-month,Yes,Bank transfer,34.0,54664.57,15.0,30.42,1052.7,No,
CUST-1072,Male,0,Yes,Yes,19,Yes,No,Month-to-month,No,Credit card,64.0,24315.35,15.0,43.76,868.0,No,
CUST-1477,Female,0,Yes,No,34,No,Fiber optic,Month-to-month,No,Bank transfer,39.0,65092.25,11.0,58.03,1957.08,No,
CUST-1270,Female,0,Yes,Yes,46,Yes,DSL,Two year,Yes,Bank transfer,19.0,32887.36,20.0,76.16,3519.85,No,
CUST-1111,Male,0,Yes,Yes,0,Yes,Fiber optic,Month-to-month,No,Bank transfer,57.0,24385.53,16.0,78.03,61.21,Yes,
CUST-1469,Female,0,Yes,No,60,Yes,No,Month-to-month,No,Credit card,22.0,51982.14,12.0,84.11,5152.98,No,
CUST-1514,Female,0,No,No,50,Yes,Fiber optic,Month-to-month,No,Electronic check,66.0,43881.48,23.0,89.09,4532.59,No,
CUST-1497,Female,0,Yes,No,28,Yes,No,Month-to-month,Yes,Credit card,49.0,61416.78,23.0,25.24,730.74,No,
CUST-1226,Male,0,Yes,No,45,Yes,DSL,Two year,Yes,Electronic check,67.0,68750.98,21.0,21.92,931.05,No,
CUST-1329,Female,0,No,Yes,18,Yes,No,Month-to-month,No,Bank transfer,74.0,46591.61,13.0,103.51,1865.1,Yes,
CUST-1561,Male,1,No,No,65,Yes,DSL,Month-to-month,Yes,Mailed check,23.0,64160.37,30.0,22.39,1554.24,Yes,
CUST-1641,Female,0,Yes,Yes,45,Yes,DSL,Month-to-month,No,Bank transfer,34.0,41940.72,12.0,46.26,2039.26,No,
CUST-1195,Female,0,No,No,53,Yes,DSL,Month-to-month,Yes,Electronic check,74.0,66896.15,19.0,38.34,2036.49,No,
CUST-1336,Male,1,No,No,52,Yes,Fiber optic,Month-to-month,Yes,Electronic check,45.0,62247.42,16.0,19.35,1078.5,No,
CUST-1653,Male,0,Yes,Yes,56,Yes,DSL,Two year,No,Credit card,54.0,57191.65,18.0,103.27,5848.55,No,
CUST-1778,Female,0,Yes,No,26,Yes,Fiber optic,Month-to-month,Yes,Credit card,63.0,15097.21,9.0,83.22, 2158.73 ,No,
CUST-1028,Female,0,Yes,Yes,67,Yes,No,Two year,No,Bank transfer,52.0,51517.49,25.0,65.56,4440.18,No,
CUST-1586,Female,0,Yes,Yes,26,Yes,No,Month-to-month,No,Mailed check,54.0,55350.24,19.0,91.87,2411.27,No,
CUST-1473,Female,0,No,No,34,Yes,No,Two year,No,Mailed check,22.0,57062.51,10.0,75.22,2509.96,No,
CUST-1501,Male,0,Yes,No,60,Yes,DSL,One year,No,Electronic check,52.0,39521.08,28.0,43.47,2558.26,No,
CUST-1137,Male,0,No,No,41,Yes,DSL,Month-to-month,No,Mailed check,66.0,26227.07,24.0,83.92,3461.05,Yes,
CUST-1553,Female,0,No,No,11,Yes,Fiber optic,Month-to-month,Yes,Electronic check,73.0,73591.45,20.0,93.85,1001.95,Yes,
CUST-1986,Female,0,No,Yes,23,Yes,No,Two year,No,Credit card,32.0,48302.6,16.0,107.07,2379.42,No,
CUST-1944,Male,1,Yes,No,13,Yes,Fiber optic,Month-to-month,Yes,Credit card,40.0,43074.21,14.0,70.84,927.37,No,
CUST-1393,Female,0,No,Yes,15,Yes,DSL,Two year,Yes,Mailed check,27.0,34508.49,10.0,106.58,1590.89,No,
CUST-1382,Female,0,Yes,No,57,Yes,No,Month-to-month,No,Bank transfer,67.0,55581.63,28.0,43.9,2504.74,No,
CUST-1372,Female,0,No,,60,Yes,Fiber optic,Month-to-month,No,Credit card,51.0,46907.28,25.0,116.73,7017.78,No,
CUST-1025,Female,0,Yes,Yes,65,Yes,DSL,Two year,No,Mailed check,48.0,62781.28,29.0,42.55, 2671.12 ,No,
CUST-1669,Male,0,No,No,31,Yes,No,Two year,Yes,Bank transfer,57.0,56560.94,14.0,61.79,1913.6,No,
CUST-1465,Male,0,No,Yes,26,Yes,DSL,Month-to-month,No,Mailed check,26.0,54578.91,12.0,45.26,1088.34,No,
CUST-1648,Female,1,Yes,No,43,Yes,DSL,One year,No,Bank transfer,71.0,67328.27,15.0,89.32,3806.23,No,
CUST-1480,Female,0,No,Yes,53,Yes,No,Month-to-month,Yes,Credit card,33.0,51536.81,17.0,87.7,4713.08,No,
CUST-1328,Female,0,No,No,28,Yes,DSL,One year,No,Electronic check,71.0,88637.41,13.0,32.54,850.59,No,
CUST-1012,Male,1,Yes,No,11,Yes,Fiber optic,Month-to-month,No,Electronic check,39.0,58636.39,6.0,70.82,851.9,No,
CUST-1602,Female,1,Yes,No,18,Yes,No,Month-to-month,Yes,Credit card,34.0,68880.03,27.0,106.03,1924.96,No,
CUST-1925,Male,1,No,No,0,Yes,No,Two year,No,Bank transfer,43.0,62814.33,5.0,105.37,0.0,No,
CUST-1206,Female,0,Yes,Yes,70,Yes,Fiber optic,Month-to-month,No,Electronic check,44.0,74085.91,20.0,53.87,3798.69,No,
CUST-1103,Female,0,No,No,27,Yes,Fiber optic,Two year,No,Electronic check,34.0,46236.15,9.0,96.43,2531.55,No,
CUST-1489,Male,0,No,No,54,Yes,DSL,Two year,No,Credit card,73.0,87464.1,23.0,40.74,2191.33,No,
CUST-1309,Female,0,No,No,64,Yes,Fiber optic,Month-to-month,Yes,Electronic check,55.0,55424.37,30.0,43.91,2865.95,No,
CUST-1516,Female,0,Yes,Yes,11,No,DSL,Month-to-month,No,Bank transfer,34.0,57144.18,9.0,51.04,552.6,No,
CUST-1222,Female,0,No,Yes,62,Yes,Fiber optic,Two year,Yes,Bank transfer,38.0,37975.13,25.0,30.23,1902.96,No,
CUST-1153,Male,0,Yes,,61,Yes,DSL,One year,Yes,Electronic check,24.0,51246.23,13.0,55.18,3391.08,No,
CUST-1180,Male,0,Yes,No,60,Yes,DSL,Month-to-month,No,Electronic check,47.0,70959.88,30.0,77.19,4711.68,Yes,
CUST-1656,Male,0,Yes,No,55,Yes,No,Month-to-month,Yes,Electronic check,52.0,62842.83,23.0,69.47,3897.85,Yes,
CUST-1182,Female,0,Yes,Yes,59,Yes,,One year,No,Bank transfer,43.0,47044.8,24.0,24.62,1532.0,No,
CUST-1892,Male,0,No,No,60,Yes,No,Two year,No,Bank transfer,47.0,82789.09,27.0,46.05,2742.32,No,
CUST-1331,Male,0,No,Yes,40,Yes,DSL,Month-to-month,No,Credit card,42.0,70776.51,3.0,85.76,3448.41,Yes,
CUST-1582,Female,0,No,No,44,Yes,Fiber optic,Month-to-month,Yes,Electronic check,35.0,28870.46,16.0,37.19,1590.64,No,
CUST-1141,Male,0,Yes,No,22,Yes,DSL,Two year,Yes,Mailed check,61.0,72201.33,19.0,83.64,1843.07,No,
CUST-1771,Male,1,No,Yes,8,Yes,Fiber optic,One year ,Yes,Electronic check,44.0,51696.79,9.0,51.93,433.94,No,
CUST-1666,Female,0,Yes,Yes,62,Yes,Fiber optic,Month-to-month,Yes,Bank transfer,65.0,53759.08,19.0,69.1,4419.96,Yes,
CUST-1785,Male,0,No,Yes,42,Yes,Fiber optic,Month-to-month,No,Electronic check,41.0,58700.97,21.0,99.45,4141.1,No,
CUST-1558,Female,0,No,Yes,27,Yes,No,Month-to-month,Yes,Mailed check,34.0,37785.72,9.0,65.15,1675.07,No,
CUST-1611,Female,0,Yes,Yes,31,Yes,No,Month-to-month,No,Electronic check,59 yrs,59447.53,18.0,33.41,1060.33,Yes,
CUST-1716,Male,0,No,No,58,Yes,Fiber optic,Month-to-month,Yes,Credit card,23.0,73847.23,33.0,118.42,6957.33,Yes,
CUST-1316,Male,0,No,Yes,31,Yes,DSL,Month-to-month,Yes,Credit card,,52966.11,16.0,21.97,775.51,No,
CUST-1415,Male,0,Yes,No,1,Yes,Fiber optic,Month-to-month,Yes,Credit card,31.0,82290.45,22.0,117.0,48.09,No,
CUST-1210,Male,0,Yes,No,67,Yes,Fiber optic,Month-to-month,No,Credit card,37.0,66313.32,25.0,76.04,5136.72,No,
CUST-1777,Female,1,Yes,Yes,71,Yes,No,Two year,Yes,Bank transfer,,50765.86,25.0,106.59,7515.46,No,
CUST-1142,Female,0,Yes,No,51,Yes,DSL,Month-to-month,No,Mailed check,62.0,66534.7,28.0,110.02,5669.86,No,
CUST-1002,Male,0,No,No,6,No,Fiber optic,One year,No,Mailed check,57 yrs,64744.4,7.0,76.28,482.91,No,
CUST-1362,Male,0,No,Yes,54,Yes,Fiber optic,Month-to-month,Yes,Credit card,40.0,63045.5,21.0,103.93,5608.76,No,
CUST-1004,Male,0,Yes,Yes,66,Yes,No,One year,No,Electronic check,34.0,79487.03,18.0,99.74,6562.15,No,
CUST-1044,Female,0,No,No,16,Yes,Fiber optic,Month-to-month,No,Mailed check,71.0,49043.54,15.0,67.91,1090.38,No,
CUST-1962,Female,0,Yes,No,4,Yes,DSL,Two year,No,Credit card,57.0,42736.84,14.0,51.39,225.25,No,
CUST-1281,FEMALE,0,Yes,No,66,Yes,Fiber optic,One year,Yes,Bank transfer,49.0,56390.91,31.0,51.03,3470.07,No,
CUST-1689,FEMALE,0,No,No,59,Yes,Fiber optic,One year,Yes,Bank transfer,69.0,54987.73,23.0,60.44,3571.74,No,
CUST-1202,Male,0,No,No,37,Yes,Fiber optic,Month-to-month,No,Bank transfer,71.0,62952.42,19.0,111.73,4073.15,Yes,
CUST-1302,Male,0,Yes,No,25,Yes,DSL,Month-to-month,Yes,Credit card,42.0,34976.17,25.0,22.83,579.57,No,
CUST-1571,Male,0,No,No,21,Yes,Fiber optic,One year,Yes,Electronic check,41.0,84664.05,15.0,52.44,1046.03,No,
CUST-1365,Male,0,No,Yes,59,No,DSL,Month-to-month,No,Bank transfer,51.0,55333.61,21.0,36.9,2240.45,No,
CUST-1358,Male,0,No,No,53,Yes,DSL,Month-to-month,Yes,Mailed check,66.0,30994.11,8.0,99.68,5308.14,No,
CUST-1581,Male,0,Yes,No,6,Yes,Fiber optic,Month-to-month,No,Electronic check,50.0,58411.86,17.0,78.57,364.73,No,
CUST-1527,Female,0,No,No,26,No,Fiber optic,Two year,No,Bank transfer,21.0,84158.48,10.0,54.87,1470.61,No,
CUST-1371,Female,0,Yes,No,30,Yes,No,One year,No,Electronic check,39.0,60621.93,21.0,97.77,3072.33,No,
CUST-1606,Male,0,No,Yes,57,No,No,Month-to-month,No,Credit card,65.0,27166.46,19.0,50.73,2837.25,No,
CUST-1499,Female,0,No,No,42,Yes,No,One year,Yes,Electronic check,68.0,53204.95,21.0,108.7,4549.17,No,
CUST-1598,Female,0,No,Yes,16,Yes,Fiber optic,One year,Yes,Credit card,33.0,77563.9,11.0,93.47,1411.81,No,
CUST-1237,Female,0,Yes,Yes,34,Yes,No,Month-to-month,No,Credit card,37.0,83069.3,25.0,68.34,2317.18,Yes,
CUST-1273,Female,0,Yes,No,27,Yes,DSL,One year,No,Mailed check,71.0,83722.49,17.0,58.78,,No,
CUST-1691,Female,0,No,No,53,Yes,Fiber optic,Month-to-month,Yes,Mailed check,31.0,53743.41,23.0,29.82,1627.08,Yes,
CUST-1194,Male,0,No,Yes,60,Yes,No,One year,Yes,Bank transfer,66.0,35496.73,9.0,51.19,3069.44,No,
CUST-1513,Female,0,No,No,4,Yes,DSL,One year,No,Mailed check,48.0,36299.83,10.0,64.78,260.84,Yes,
CUST-1875,Male,1,Yes,No,51,Yes,Fiber optic,Month-to-month,No,Bank transfer,51.0,77054.48,22.0,102.45, 5212.4 ,Yes,
CUST-1627,Female,0,Yes,No,38,No,Fiber optic,Month-to-month,Yes,Bank transfer,32.0,50970.53,23.0,99.49,3709.71,Yes,
CUST-1209,Male,0,Yes,No,34,No,Fiber optic,One year,Yes,Mailed check,49.0,75212.06,15.0,37.24,1296.82,No,
CUST-1162,Female,0,No,No,58,Yes,DSL,Month-to-month,No,Mailed check,19.0,72214.03,27.0,19.45,1126.8,No,
CUST-1677,Female,0,No,Yes,59,Yes,Fiber optic,One year,No,Electronic check,65.0,31897.43,15.0,111.21,6520.67,No,
CUST-1802,Male,0,No,No,62,Yes,Fiber optic,Two year,No,Electronic check,28.0,75596.74,27.0,85.29, 5285.21 ,No,
CUST-1087,Male,0,No,No,58,Yes,Fiber optic,Month-to-month,Yes,Mailed check,43.0,40076.03,28.0,116.28,6741.09,No,
CUST-1774,Female,0,Yes,No,11,Yes,No,Month-to-month,Yes,Mailed check,42.0,86210.83,14.0,70.76,848.17,Yes,
CUST-1614,Female,0,No,No,2,Yes,DSL,Month-to-month,No,Electronic check,24.0,41052.46,12.0,112.11,279.71,Yes,
CUST-1190,Male,0,No,Yes,57,Yes,Fiber optic,Two year,No,Credit card,47.0,77583.45,28.0,55.98,,No,
CUST-1178,Male,1,Yes,No,58,Yes,Fiber optic,Month-to-month,No,Mailed check,72.0,87572.09,24.0,68.85,3966.9,Yes,
CUST-1392,Female,0,No,No,16,Yes,No,Month-to-month,No,Electronic check,23.0,43589.29,15.0,90.22,1430.37,No,
CUST-1357,Female,0,Yes,Yes,2,No,DSL,Month-to-month,No,Bank transfer,24.0,68751.08,6.0,91.34,165.93,Yes,
CUST-1569,Male,0,No,No,39,No,DSL,One year,Yes,Credit card,33.0,,10.0,71.51,2806.71,No,
CUST-1967,Female,0,No,No,63,No,DSL,Month-to-month,No,Mailed check,33.0,36641.13,18.0,29.99,1860.0,No,
CUST-1703,Female,0,No,Yes,2,Yes,Fiber optic,Two year ,Yes,Mailed check,48.0,36142.77,11.0,63.59,93.89,No,
CUST-1511,Female,1,Yes,No,62,Yes,DSL,One year,Yes,Electronic check,51.0,15000.0,14.0,67.95,4219.76,No,
CUST-1711,Female,0,Yes,No,31,Yes,DSL,Two year,No,Bank transfer,26.0,,12.0,29.98,900.62,No,
CUST-1439,Male,0,Yes,Yes,32,Yes,Fiber optic,Two year,No,Bank transfer,36.0,79035.15,20.0,26.12,891.5,No,
CUST-1471,Female,1,Yes,No,60,Yes,Fiber optic,One year,No,Credit card,69.0,73859.69,23.0,41.52,2553.67,No,
CUST-1398,Female,0,No,No,61,Yes,Fiber optic,Two year,No,Credit card,30.0,57617.61,16.0,91.92,5623.43,No,
CUST-1592,Male,0,Yes,No,56,Yes,Fiber optic,Month-to-month,No,Mailed check,51.0,64013.88,24.0,76.33,4283.21,Yes,
CUST-1309,Female,0,No,No,64,Yes,Fiber optic,Month-to-month,Yes,Electronic check,55.0,55424.37,30.0,43.91,2865.95,No,
CUST-1708,Female,0,Yes,Yes,61,Yes,Fiber optic,Month-to-month,Yes,Mailed check,51.0,71956.34,25.0,108.28,6523.34,No,
CUST-1876,Female,0,Yes,No,45,Yes,Fiber optic,One year,Yes,Mailed check,59.0,,23.0,90.16,4145.05,No,
CUST-1043,Female,0,Yes,Yes,28,Yes,DSL,Month-to-month,Yes,Bank transfer,62.0,74476.31,15.0,90.1,2525.54,Yes,
CUST-1261,Female,0,No,No,31,Yes,No,Month-to-month,Yes,Electronic check,21.0,53788.64,14.0,116.2,,No,
CUST-1566,Female,0,Yes,Yes,53,Yes,Fiber optic,Two year ,Yes,Electronic check,43.0,39090.63,23.0,103.88,5506.04,Yes,
CUST-1429,Female,0,No,No,27,Yes,Fiber optic,One year,No,Credit card,67.0,18731.92,13.0,26.96,731.26,No,
CUST-1228,Male,0,Yes,Yes,54,Yes,Fiber optic,Month-to-month,Yes,Mailed check,19.0,,30.0,103.16,5584.69,No,
CUST-1005,Female,0,Yes,No,15,Yes,Fiber optic,Month-to-month,No,Electronic check,19.0,69459.58,13.0,25.16,,No,
CUST-1989,Female,0,No,No,70,Yes,Fiber optic,Month-to-month,Yes,Mailed check,62.0,88300.85,23.0,61.97,4290.01,No,
CUST-1819,Male,0,Yes,No,57,Yes,No,Two year,No,Credit card,65.0,64537.08,16.0,76.95,4343.41,No,
CUST-1318,Male,0,Yes,No,15,Yes,Fiber optic,Month-to-month,Yes,Electronic check,32.0,39502.57,18.0,83.8,1314.44,No,
CUST-1880,Male,0,No,No,69,Yes,DSL,Month-to-month,Yes,Bank transfer,52.0,35836.61,29.0,79.4,5544.07,No,
CUST-1312,Female,0,Yes,No,42,Yes,DSL,Month-to-month,No,Electronic check,29.0,55752.9,12.0,49.5,,No,
CUST-1075,Female,1,No,No,29,Yes,DSL,Month-to-month,No,Electronic check,73.0,64508.74,15.0,43.66,1321.52,Yes,
CUST-1173,Female,0,No,No,27,Yes,DSL,Month-to-month,Yes,Electronic check,56.0,54854.16,20.0,115.83,3017.54,No,
CUST-1841,Female,0,Yes,No,66,Yes,Fiber optic,Month-to-month,Yes,Credit card,46.0,24703.25,20.0,42.71,2804.27,No,
CUST-1051,Female,1,Yes,No,40,Yes,Fiber optic,Two year,No,Bank transfer,32.0,15000.0,12.0,82.31,3278.42,No,
CUST-1551,Female,0,Yes,Yes,58,Yes,Fiber optic,Month-to-month,No,Credit card,70.0,63509.54,19.0,83.82,4877.2,No,
CUST-1796,Male,0,Yes,Yes,71,Yes,No,Month-to-month,No,Bank transfer,62.0,25052.74,21.0,117.48,8348.15,No,
CUST-1642,Female,0,Yes,No,61,Yes,DSL,Month-to-month,Yes,Bank transfer,67.0,64783.62,30.0,65.34,3994.81,No,
CUST-1220,Male,1,No,No,20,Yes,Fiber optic,Month-to-month,Yes,Electronic check,47.0,40634.07,10.0,62.62,1250.57,No,
CUST-1508,Female,0,Yes,No,54,Yes,DSL,Month-to-month,Yes,Credit card,33.0,45553.34,14.0,31.94,1754.43,No,
CUST-1585,Male,0,Yes,No,47,Yes,DSL,One year,Yes,Electronic check,27.0,78002.58,25.0,71.09,3337.41,No,
CUST-1387,Male,0,Yes,No,70,No,Fiber optic,Two year,Yes,Credit card,65.0,43322.79,33.0,62.29,4298.45,No,
CUST-1093,Female,0,No,No,9,Yes,Fiber optic,Month-to-month,No,Credit card,55.0,45848.59,10.0,40.13,323.46,Yes,
CUST-1148,Male,0,Yes,No,33,Yes,No,Month-to-month,No,Bank transfer,36 yrs,78016.38,13.0,113.89,,No,
CUST-1482,Male,0,Yes,No,47,Yes,DSL,One year,Yes,Credit card,59.0,47191.68,27.0,83.79,3989.01,No,
CUST-1852,Male,0,Yes,Yes,57,Yes,Fiber optic,Month-to-month,Yes,Electronic check,38.0,,15.0,104.05,5876.91,No,
CUST-1249,Male,0,Yes,Yes,12,Yes,DSL,Month-to-month,Yes,Bank transfer,73.0,60722.42,14.0,21.17,313.18,Yes,
CUST-1340,Male,0,Yes,No,17,Yes,Fiber optic,One year,Yes,Bank transfer,25.0,20215.04,9.0,82.83,1422.61,No,
CUST-1808,Female,0,Yes,No,27,Yes,DSL,Month-to-month,Yes,Mailed check,60.0,51330.98,18.0,77.91,2123.04,No,
CUST-1200,MALE,0,Yes,No,37,Yes,DSL,One year,No,Bank transfer,30 yrs,67049.64,16.0,42.24,1592.47,No,
CUST-1091,Female,0,No,No,64,Yes,Fiber optic,Month-to-month,Yes,Electronic check,46.0,65831.27,23.0,73.88,4747.04,Yes,
CUST-1540,Male,0,No,No,3,Yes,DSL,Month-to-month,Yes,Electronic check,68.0,55991.74,1.0,52.34,109.88,No,
CUST-1442,Male,0,Yes,No,0,No,No,Month-to-month,Yes,Credit card,,73427.79,20.0,87.79,30.0,Yes,
CUST-1985,Female,0,No,No,43,Yes,Fiber optic,One year,Yes,Mailed check,64.0,75190.17,24.0,87.28,3789.07,No,
CUST-1280,Female,0,No,Yes,18,Yes,Fiber optic,Month-to-month,Yes,Electronic check,20.0,33145.14,10.0,39.22,610.26,No,
CUST-1410,Male,0,No,No,58,Yes,DSL,Month-to-month,Yes,Credit card,18.0,36986.7,13.0,30.93,1830.8,No,
CUST-1864,Female,0,No,No,47,Yes,DSL,One year,Yes,Bank transfer,18.0,30861.37,14.0,113.4,5315.98,No,
CUST-1568,Male,0,No,No,71,Yes,Fiber optic,One year,Yes,Credit card,71.0,47202.34,18.0,95.63,6760.9,No,
CUST-1615,Male,0,Yes,Yes,36,Yes,DSL,Month-to-month,No,Bank transfer,62.0,67988.54,15.0,31.18,1176.92,Yes,
CUST-1926,Male,0,Yes,No,64,No,DSL,Month-to-month,Yes,Bank transfer,31.0,77763.82,29.0,91.63,5960.76,Yes,
CUST-1335,Female,0,Yes,No,10,Yes,Fiber optic,Month-to-month,No,Electronic check,30.0,69762.97,7.0,105.78,1031.06,Yes,
CUST-1871,Female,0,Yes,No,48,No,Fiber optic,One year,Yes,Mailed check,,72490.0,27.0,75.56,3659.26,No,
CUST-1857,Male,0,Yes,Yes,43,Yes,DSL,Two year,No,Credit card,58.0,22656.55,25.0,61.5,2616.92,No,
CUST-1923,Male,0,Yes,Yes,21,Yes,Fiber optic,Month-to-month,Yes,Mailed check,72.0,73626.58,23.0,28.39,600.22,Yes,
CUST-1506,Female,0,No,No,23,Yes,DSL,Two year,No,Mailed check,60.0,57335.47,21.0,116.75,2656.78,No,
CUST-1752,Female,0,Yes,Yes,12,Yes,Fiber optic,One year,Yes,Electronic check,68.0,33439.54,4.0,103.01,1223.49,No,
CUST-1759,Male,0,Yes,Yes,72,Yes,Fiber optic,Two year,Yes,Electronic check,59.0,45628.33,25.0,21.91,1581.88,No,
CUST-1092,Female,0,Yes,Yes,25,No,DSL,Month-to-month,No,Electronic check,69.0,46522.15,21.0,93.82,2407.2,No,
CUST-1742,Female,0,Yes,Yes,58,Yes,Fiber optic,One year ,No,Bank transfer,59.0,57422.6,23.0,75.31,4358.21,No,
CUST-1845,MALE,0,No,No,19,Yes,DSL,One year,No,Credit card,41.0,54465.85,8.0,98.27,1872.86,No,
CUST-1905,Female,0,No,Yes,59,No,Fiber optic,Month-to-month,No,Electronic check,,52220.05,18.0,53.7,3262.04,Yes,
CUST-1911,Male,0,No,Yes,62,Yes,DSL,One year,No,Electronic check,26.0,15615.23,21.0,67.02,4066.88,No,
CUST-1575,Female,0,Yes,No,39,Yes,DSL,One year,Yes,Bank transfer,41.0,47571.77,6.0,52.41,2073.82,No,
CUST-1573,Female,0,Yes,No,7,Yes,DSL,Month-to-month,No,Electronic check,46.0,75657.73,15.0,50.32,286.02,Yes,
CUST-1278,Male,0,No,No,32,Yes,DSL,Month-to-month,Yes,Credit card,27.0,38404.81,22.0,43.59,1383.14,Yes,
CUST-1279,Female,0,No,Yes,61,Yes,No,One year,No,Electronic check,,42134.82,17.0,78.57,4772.8,No,
CUST-1337,Male,0,No,No,45,Yes,No,One year,No,Electronic check,18.0,46450.04,18.0,87.82,3942.22,No,
CUST-1227,Female,0,No,No,31,Yes,,One year,Yes,Electronic check,58.0,54385.79,15.0,46.06,1377.44,No,
CUST-1008,Male,1,No,Yes,11,Yes,Fiber optic,One year,No,Credit card,46.0,47652.27,11.0,78.83,915.56,No,
CUST-1085,Male,0,Yes,No,69,Yes,Fiber optic,Two year,Yes,Electronic check,26.0,71960.68,20.0,54.45,,No,
CUST-1903,Male,0,Yes,No,1,No,Fiber optic,Two year,Yes,Mailed check,24.0,67619.96,0.0,83.74,77.36,Yes,
CUST-1616,Male,0,Yes,No,39,Yes,Fiber optic,Two year,Yes,Credit card,52.0,61783.92,16.0,50.47,2057.39,No,
CUST-1810,Male,0,No,Yes,37,Yes,DSL,One year,Yes,Electronic check,61.0,74849.66,27.0,95.42,3464.66,Yes,
CUST-1840,Male,0,No,No,33,Yes,Fiber optic,Month-to-month,No,Electronic check,70.0,53847.34,7.0,31.32,974.21,No,
CUST-1096,Female,0,No,No,21,Yes,Fiber optic,Month-to-month,No,Credit card,29.0,32001.56,21.0,63.07,1305.92,Yes,
CUST-1341,FEMALE,0,No,Yes,50,Yes,DSL,Month-to-month,No,Mailed check,21.0,30412.37,24.0,33.13,1727.14,No,
CUST-1121,Male,0,Yes,No,16,Yes,,One year,No,Electronic check,23.0,54241.69,14.0,82.68,1410.44,No,
CUST-1156,Male,0,No,Yes,15,Yes,No,Month-to-month,No,Bank transfer,64.0,76848.9,9.0,29.87,,Yes,
CUST-1751,Male,0,Yes,No,29,No,DSL,One year,Yes,Credit card,55.0,35465.18,23.0,107.65,3173.16,No,
CUST-1754,Female,0,No,No,42,Yes,Fiber optic,Month-to-month,Yes,Mailed check,33.0,49871.71,18.0,64.78,2747.09,No,
CUST-1681,Male,0,No,No,15,Yes,No,Month-to-month,No,Credit card,27.0,69879.65,11.0,88.97,1340.65,No,
CUST-1470,Male,0,No,Yes,30,Yes,Fiber optic,One year,Yes,Bank transfer,22.0,36744.87,21.0,55.16,1559.97,No,
CUST-1557,Female,0,Yes,Yes,2,Yes,DSL,Month-to-month,No,Credit card,24.0,41082.29,17.0,25.45,24.06,Yes,
CUST-1293,Female,0,Yes,No,63,No,Fiber optic,Month-to-month,Yes,Mailed check,24.0,62523.72,27.0,96.09,6168.49,No,
CUST-1822,Female,1,No,No,57,Yes,No,Month-to-month,No,Credit card,61.0,30451.75,25.0,90.98,5169.1,No,
CUST-1745,Female,0,Yes,No,38,Yes,Fiber optic,One year,Yes,Credit card,64.0,59857.3,14.0,68.66,2534.54,No,
CUST-1164,Female,0,Yes,No,45,Yes,Fiber optic,Month-to-month,Yes,Bank transfer,45.0,64394.99,20.0,100.85,4565.21,Yes,
CUST-1746,Male,0,No,No,27,Yes,Fiber optic,Month-to-month,Yes,Mailed check,22.0,29747.68,16.0,59.55,1610.41,No,
CUST-1282,Female,0,Yes,No,39,Yes,,Month-to-month,No,Credit card,37.0,73560.88,20.0,82.93,3252.32,No,
CUST-1364,Male,0,No,No,3,No,No,Month-to-month,Yes,Electronic check,28.0,87481.81,14.0,91.89,251.65,Yes,
CUST-1310,Female,1,Yes,No,61,Yes,DSL,Month-to-month,No,Mailed check,27.0,55934.74,24.0,49.27,3097.14,No,
CUST-1510,Male,0,No,Yes,68,Yes,DSL,One year,No,Electronic check,,49780.12,25.0,116.44,7882.31,No,
CUST-1179,Male,1,Yes,No,1,Yes,No,Month-to-month,Yes,Mailed check,46.0,,16.0,53.7,5.47,Yes,
CUST-1069,Female,0,No,No,19,Yes,Fiber optic,Month-to-month,Yes,Credit card,72.0,39903.94,8.0,78.74,1468.72,Yes,
CUST-1934,Female,0,Yes,No,61,Yes,DSL,Two year,Yes,Mailed check,35.0,76407.28,39.0,92.91,5694.59,No,
CUST-1895,Female,0,No,No,52,Yes,Fiber optic,Month-to-month,No,Bank transfer,39.0,,34.0,89.4,4598.27,No,
CUST-1687,Male,0,No,No,12,Yes,No,Month-to-month,No,Electronic check,58.0,29818.45,8.0,119.21,1456.89,No,
CUST-1960,Male,0,Yes,Yes,25,Yes,Fiber optic,Month-to-month,Yes,Bank transfer,23.0,55761.62,13.0,35.69,928.29,No,
CUST-1058,Male,0,Yes,No,9,Yes,Fiber optic,Month-to-month,Yes,Electronic check,36.0,54439.18,21.0,114.13,1068.54,No,
CUST-1884,Female,0,No,Yes,20,Yes,Fiber optic,Month-to-month,No,Electronic check,35.0,43094.3,20.0,91.07,1708.01,No,
CUST-1999,Male,1,No,No,67,Yes,Fiber optic,Month-to-month,No,Bank transfer,25.0,45911.53,19.0,61.77,4113.58,No,
CUST-1956,Female,0,Yes,No,57,Yes,DSL,Month-to-month,Yes,Electronic check,31.0,74429.43,26.0,37.16,2039.22,No,
CUST-1265,Female,0,No,No,33,Yes,Fiber optic,One year,Yes,Mailed check,52.0,58031.37,13.0,117.04,3933.75,No,
CUST-1768,Female,0,Yes,No,53,Yes,DSL,One year,Yes,Mailed check,42.0,,15.0,77.48,4127.1,No,
CUST-1800,Male,0,No,No,20,Yes,DSL,Two year ,No,Mailed check,25.0,69286.88,19.0,92.67,1839.54,No,
CUST-1380,Female,0,Yes,No,61,Yes,Fiber optic,Month-to-month,Yes,Electronic check,34.0,65317.57,23.0,26.92,1688.14,No,
CUST-1604,Male,1,No,Yes,49,Yes,DSL,One year,No,Mailed check,37.0,64638.08,18.0,71.89,3581.2,No,
CUST-1684,Male,0,No,No,67,Yes,Fiber optic,Month-to-month,No,Mailed check,37.0,52262.86,22.0,20.91,1338.28,No,
CUST-1794,Male,0,Yes,No,63,No,DSL,Month-to-month,No,Electronic check,31.0,19321.9,10.0,40.37,2513.16,No,
CUST-1729,Female,0,Yes,No,19,No,DSL,One year,Yes,Electronic check,45.0,29989.84,11.0,45.41,931.01,No,
CUST-1147,Male,0,Yes,No,47,Yes,Fiber optic,Two year,Yes,Bank transfer,72.0,,15.0,114.8,5383.3,No,
CUST-1251,Male,1,Yes,No,45,No,DSL,Month-to-month,Yes,Electronic check,65.0,49290.22,30.0,65.2,2965.43,No,
CUST-1646,Male,0,No,No,39,Yes,Fiber optic,Month-to-month,Yes,Electronic check,19.0,53325.51,22.0,25.91,,No,
CUST-1902,Female,0,No,Yes,58,Yes,Fiber optic,One year,No,Bank transfer,63.0,43071.83,16.0,63.08,3676.85,No,
CUST-1212,Male,0,No,Yes,0,Yes,DSL,Month-to-month,No,Electronic check,30.0,34421.17,11.0,97.93,68.18,Yes,
CUST-1440,Male,0,Yes,No,27,Yes,No,Month-to-month,No,Electronic check,19.0,26326.99,19.0,78.64,2108.57,No,
CUST-1878,Male,0,No,No,20,Yes,DSL,One year,No,Bank transfer,44.0,47603.53,3.0,77.63,1485.27,No,
CUST-1330,Male,0,Yes,Yes,65,Yes,No,Two year,No,Credit card,36.0,79843.56,22.0,92.58,5964.29,No,
CUST-1781,Male,0,Yes,No,64,Yes,Fiber optic,Month-to-month,No,Bank transfer,70.0,58169.89,21.0,90.08,5729.15,Yes,
CUST-1276,Male,0,Yes,No,8,Yes,Fiber optic,Month-to-month,Yes,Credit card,38.0,83667.1,7.0,73.68,637.26,Yes,
CUST-1801,Female,1,No,No,65,Yes,DSL,Month-to-month,No,Electronic check,41.0,45728.28,19.0,93.41,6128.02,No,
CUST-1787,Female,0,Yes,Yes,31,Yes,DSL,One year,No,Electronic check,38.0,24128.2,19.0,33.43,1111.17,No,
CUST-1667,Female,0,No,No,38,Yes,,One year,No,Credit card,57.0,55334.37,14.0,115.02,4293.11,No,
CUST-1693,Female,0,No,No,38,Yes,Fiber optic,Month-to-month,No,Electronic check,24.0,27803.3,17.0,55.16,2001.38,No,
CUST-1448,MALE,1,No,Yes,34,Yes,DSL,One year,Yes,Mailed check,35.0,,17.0,116.22,3912.34,No,
CUST-1607,Female,0,No,Yes,33,Yes,Fiber optic,One year,No,Mailed check,36.0,40660.82,12.0,66.91,2180.16,No,
CUST-1821,Female,0,No,Yes,59,Yes,Fiber optic,Month-to-month,Yes,Electronic check,23.0,76877.79,20.0,34.36,2093.2,No,
CUST-1524,Female,1,Yes,No,10,Yes,,One year,Yes,Electronic check,52.0,72905.6,14.0,81.36,710.34,No,
CUST-1303,Female,0,Yes,Yes,48,Yes,Fiber optic,Two year,Yes,Credit card,38.0,36552.91,10.0,80.5,3813.08,No,
CUST-1487,Female,0,Yes,No,48,Yes,,Month-to-month,No,Credit card,22.0,63409.68,23.0,101.92, 4916.71 ,No,
CUST-1737,MALE,0,Yes,No,71,Yes,No,One year,No,Credit card,19.0,57299.22,19.0,24.11,1672.34,No,
CUST-1832,Male,0,No,Yes,37,Yes,Fiber optic,Month-to-month,Yes,Electronic check,26.0,47220.66,17.0,96.88,3490.79,No,
CUST-1019,Male,0,Yes,,58,Yes,No,One year,Yes,Credit card,28.0,56813.64,27.0,73.57,4225.64,No,
CUST-1324,Female,0,Yes,No,64,Yes,DSL,Month-to-month,Yes,Electronic check,52.0,64987.01,21.0,99.85,6321.33,Yes,
CUST-1260,Male,0,No,No,29,No,Fiber optic,Two year,Yes,Electronic check,31.0,53514.36,11.0,50.37,,No,
CUST-1847,FEMALE,0,No,Yes,9,Yes,DSL,Month-to-month,No,Bank transfer,33.0,35861.01,14.0,119.91,959.43,No,
CUST-1409,Female,0,Yes,No,39,Yes,Fiber optic,Two year,No,Bank transfer,27.0,79510.73,21.0,82.68,3218.45,No,
CUST-1400,Female,0,No,No,41,Yes,Fiber optic,One year,Yes,Credit card,69.0,49477.28,11.0,49.96,2032.83,No,
CUST-1757,Male,0,No,No,39,Yes,Fiber optic,One year,Yes,Electronic check,20.0,44332.41,16.0,49.67,1952.84,No,
CUST-1054,Male,1,Yes,No,48,No,Fiber optic,Month-to-month,No,Bank transfer,52.0,,20.0,116.78,5705.49,No,
CUST-1888,Female,1,Yes,No,39,Yes,Fiber optic,Month-to-month,No,Bank transfer,68.0,50333.97,18.0,21.39,869.56,Yes,
CUST-1150,Male,0,Yes,No,60,Yes,DSL,Month-to-month,No,Electronic check,19.0,51386.67,26.0,63.59,3855.79,Yes,
CUST-1696,Male,1,No,No,31,No,DSL,One year,Yes,Bank transfer,46.0,,19.0,38.23,1167.21,No,
CUST-1877,Female,0,Yes,Yes,24,Yes,DSL,Two year,No,Electronic check,28.0,48056.37,20.0,66.91,1597.88,No,
CUST-1717,Female,0,No,No,30,No,No,Month-to-month,No,Credit card,67.0,36241.33,21.0,74.81,2287.34,No,
CUST-1704,Male,0,Yes,No,21,Yes,Fiber optic,Two year,No,Credit card,34.0,53669.26,8.0,92.87,1814.94,No,
CUST-1106,Female,0,No,No,67,Yes,Fiber optic,Month-to-month,Yes,Electronic check,18.0,40246.05,16.0,92.92,6252.47,No,
CUST-1724,Male,0,Yes,No,3,Yes,Fiber optic,Two year,Yes,Mailed check,38.0,87329.23,19.0,38.07,94.57,No,
CUST-1024,Female,0,Yes,No,68,Yes,Fiber optic,Month-to-month,No,Mailed check,52.0,45496.63,25.0,27.39, 1867.23 ,No,
CUST-1915,Female,1,No,No,72,No,DSL,Two year,No,Electronic check,57.0,44704.94,28.0,85.63,6099.37,No,
CUST-1533,Male,0,No,Yes,40,Yes,Fiber optic,One year,Yes,Bank transfer,72.0,76097.55,29.0,113.45,4530.51,No,
CUST-1817,Male,0,No,Yes,12,Yes,Fiber optic,Month-to-month,No,Mailed check,50.0,71960.58,12.0,86.06,1021.22,No,
CUST-1082,Male,0,No,No,9,Yes,Fiber optic,Month-to-month,No,Electronic check,18.0,39085.46,12.0,48.68,528.16,No,
CUST-1842,Male,1,Yes,No,23,No,DSL,Month-to-month,Yes,Mailed check,23.0,39179.67,4.0,42.82,1008.68,Yes,
CUST-1861,Male,0,No,Yes,49,Yes,Fiber optic,Month-to-month,No,Electronic check,24.0,44663.73,24.0,21.12,1107.2,No,
CUST-1613,Female,0,Yes,No,14,Yes,No,Month-to-month,No,Electronic check,51.0,48780.62,10.0,44.28,609.37,No,
CUST-1379,Male,0,No,No,44,Yes,Fiber optic,Two year,No,Bank transfer,40.0,,27.0,113.58,,No,
CUST-1076,Female,0,No,Yes,52,Yes,Fiber optic,Two year,No,Bank transfer,55.0,44731.47,11.0,45.74,2409.6,No,
CUST-1388,Male,0,Yes,No,8,Yes,No,Two year,Yes,Bank transfer,68.0,62926.27,15.0,31.79,271.21,No,
CUST-1406,Female,0,No,No,7,Yes,Fiber optic,One year,Yes,Credit card,46.0,41618.4,9.0,49.79,292.39,No,
CUST-1291,Male,0,No,Yes,47,Yes,Fiber optic,One year,No,Credit card,37.0,31260.58,13.0,22.51,1086.04,No,
CUST-1110,Female,0,Yes,Yes,35,Yes,DSL,Two year,No,Credit card,64.0,32638.41,18.0,115.71,4073.07,No,
CUST-1624,Male,0,No,No,55,Yes,Fiber optic,Two year,No,Bank transfer,39.0,47868.2,21.0,103.52,5651.47,No,
CUST-1793,Female,0,Yes,Yes,36,No,Fiber optic,Month-to-month,No,Electronic check,22.0,44545.6,16.0,57.18,2085.76,No,
CUST-1772,Male,0,No,No,31,No,DSL,Month-to-month,No,Mailed check,69.0,79382.82,17.0,26.63,,No,
CUST-1246,Male,0,No,Yes,72,Yes,DSL,Month-to-month,No,Credit card,73.0,45026.78,26.0,85.07,6152.41,No,
CUST-1145,Male,1,No,No,68,Yes,Fiber optic,Month-to-month,No,Mailed check,63.0,55229.28,24.0,106.35,7253.74,No,
CUST-1128,Female,0,Yes,No,14,Yes,DSL,Two year,Yes,Bank transfer,32 yrs,94984.4,14.0,61.19,768.34,No,
CUST-1851,Female,0,Yes,Yes,66,Yes,DSL,One year,No,Bank transfer,54.0,72946.35,21.0,82.67,5431.15,No,
CUST-1622,Male,1,No,No,63,Yes,DSL,Month-to-month,Yes,Bank transfer,59.0,55879.72,24.0,31.11,1889.81,Yes,
CUST-1975,FEMALE,0,Yes,Yes,14,Yes,DSL,Month-to-month,No,Bank transfer,57.0,71892.59,11.0,34.1,531.23,No,
CUST-1945,Male,0,No,Yes,71,Yes,Fiber optic,Month-to-month,Yes,Bank transfer,44.0,27526.19,17.0,93.82,6659.82,No,
CUST-1486,Male,0,No,No,23,Yes,DSL,Two year,Yes,Credit card,66.0,72651.39,15.0,33.75,860.3,No,
CUST-1908,Male,0,Yes,No,10,Yes,No,Month-to-month,No,Credit card,36.0,53148.26,9.0,99.16,1065.47,No,
CUST-1090,Female,0,No,No,67,Yes,Fiber optic,Month-to-month,No,Bank transfer,60.0,53659.69,20.0,19.35,1283.98,Yes,
CUST-1205,Male,1,No,No,20,Yes,DSL,Two year,No,Mailed check,52.0,72072.4,9.0,103.11,2067.59,No,
CUST-1979,Female,0,No,No,34,Yes,No,Month-to-month,Yes,Credit card,31.0,44479.27,15.0,98.89,3292.62,No,
CUST-1170,Female,0,Yes,No,5,No,DSL,Month-to-month,Yes,Bank transfer,46.0,108295.65,12.0,36.21, 124.81 ,No,
CUST-1918,Female,0,No,,33,Yes,DSL,Month-to-month,No,Credit card,65.0,75316.72,21.0,59.0,1909.87,No,
CUST-1056,Female,0,Yes,No,70,Yes,No,Month-to-month,Yes,Electronic check,50.0,65956.33,23.0,44.44,3035.44,No,
CUST-1404,Female,0,Yes,No,53,Yes,DSL,One year,Yes,Credit card,28.0,27376.65,21.0,54.34,2900.42,No,
CUST-1241,Male,0,No,Yes,4,Yes,DSL,Month-to-month,No,Electronic check,59.0,68741.66,4.0,103.88,425.15,No,
CUST-1599,Female,0,Yes,Yes,63,Yes,DSL,Month-to-month,No,Electronic check,54.0,85713.95,32.0,70.03,4386.92,No,
CUST-1346,Male,0,No,No,5,Yes,DSL,One year,Yes,Electronic check,56.0,69134.16,18.0,88.26,469.28,No,
CUST-1097,Female,0,Yes,No,50,Yes,Fiber optic,Month-to-month,No,Credit card,48.0,72784.52,23.0,69.65,3517.48,No,
CUST-1116,Male,0,Yes,No,31,Yes,Fiber optic,Month-to-month,No,Bank transfer,22.0,54388.66,20.0,22.7,692.14,No,
CUST-1201,Female,0,Yes,Yes,0,No,DSL,Month-to-month,No,Credit card,,63439.22,21.0,72.62,58.09,Yes,
CUST-1887,Female,0,Yes,No,66,Yes,DSL,Month-to-month,Yes,Electronic check,41.0,,22.0,65.72,4329.52,Yes,
CUST-1479,Female,0,No,No,20,Yes,DSL,Month-to-month,Yes,Bank transfer,27.0,69436.6,10.0,113.0,2236.9,No,
CUST-1323,Female,0,No,No,55,Yes,DSL,One year,Yes,Bank transfer,48.0,64864.38,17.0,66.29,3611.82,No,
CUST-1193,Male,0,Yes,No,6,Yes,No,Two year,No,Mailed check,24.0,68658.21,15.0,35.82,124.01,No,
CUST-1443,Female,0,No,No,36,Yes,DSL,Month-to-month,Yes,Mailed check,36.0,66495.16,17.0,55.73,2106.76,No,
CUST-1815,Male,0,No,No,35,No,DSL,Month-to-month,Yes,Electronic check,43.0,15000.0,6.0,47.64,1710.33,No,
CUST-1454,Male,0,Yes,No,5,Yes,Fiber optic,One year,Yes,Mailed check,58.0,79048.48,15.0,28.09,,No,
CUST-1528,Female,0,No,Yes,54,Yes,Fiber optic,Month-to-month,Yes,Bank transfer,45.0,61986.76,31.0,58.49,3121.63,No,
CUST-1805,Female,1,No,No,5,Yes,DSL,Month-to-month,No,Mailed check,38.0,24857.63,9.0,104.32,480.21,Yes,
CUST-1550,Male,1,Yes,No,32,No,Fiber optic,Month-to-month,No,Mailed check,46.0,75164.73,25.0,53.99,1701.41,No,
CUST-1818,Female,0,Yes,Yes,51,Yes,DSL,One year,Yes,Mailed check,48.0,40013.12,20.0,109.38,5520.44,No,
CUST-1626,Male,0,No,Yes,9,Yes,DSL,Month-to-month,Yes,Mailed check,69.0,30902.07,9.0,102.77,849.9,No,
CUST-1993,Female,0,Yes,No,35,Yes,DSL,Month-to-month,Yes,Bank transfer,59.0,43299.03,11.0,100.37,3517.09,No,
CUST-1296,Female,1,No,Yes,38,Yes,No,One year,Yes,Credit card,61.0,76935.93,20.0,88.81,3306.88,No,
CUST-1893,Male,0,Yes,No,63,Yes,DSL,Month-to-month,Yes,Electronic check,48.0,50321.0,19.0,32.12,2026.79,No,
CUST-1601,Female,1,No,Yes,28,Yes,Fiber optic,One year,Yes,Mailed check,29.0,20622.31,13.0,52.18,1436.37,No,
CUST-1824,Female,1,Yes,No,27,Yes,No,One year,Yes,Bank transfer,24.0,53822.54,21.0,116.63,3245.84,No,
CUST-1395,Female,0,Yes,No,20,Yes,Fiber optic,Two year,Yes,Mailed check,21.0,65238.67,20.0,49.97,934.14,No,
CUST-1426,Male,0,No,Yes,60,Yes,No,One year,Yes,Credit card,19.0,40869.2,16.0,28.15, 1661.14 ,No,
CUST-1820,Male,0,Yes,No,31,Yes,Fiber optic,Month-to-month,Yes,Credit card,64.0,59734.73,22.0,71.8,2190.76,No,
CUST-1559,Female,0,No,No,55,Yes,Fiber optic,One year,Yes,Electronic check,27.0,57501.25,21.0,48.76,2639.1,No,
CUST-1525,Male,0,Yes,Yes,60,Yes,DSL,Two year,No,Mailed check,46.0,51614.92,29.0,18.36,1152.01,No,
CUST-1969,Male,0,No,No,3,Yes,DSL,One year,No,Credit card,30.0,49217.25,16.0,104.18,351.75,No,
CUST-1014,Female,0,No,,5,Yes,Fiber optic,Month-to-month,No,Bank transfer,74.0,62943.66,10.0,77.99,363.33,Yes,
CUST-1252,Female,0,Yes,No,22,Yes,DSL,Two year,No,Electronic check,37.0,71635.54,15.0,73.47,1613.8,No,
CUST-1238,Male,0,No,Yes,38,Yes,No,One year,Yes,Bank transfer,42.0,45369.34,10.0,89.05,3428.54,No,
CUST-1120,Female,0,No,No,37,Yes,,Two year,Yes,Credit card,32.0,33117.27,18.0,59.81,2177.68,No,
CUST-1285,MALE,1,No,Yes,28,Yes,DSL,One year,Yes,Bank transfer,58.0,70644.11,23.0,95.43,2674.52,No,
CUST-1554,Male,1,No,Yes,39,Yes,Fiber optic,One year,Yes,Credit card,29.0,34495.3,19.0,52.59,2042.79,No,
CUST-1196,Female,0,No,No,67,Yes,No,One year,Yes,Electronic check,26.0,56803.47,32.0,82.65,5518.61,No,
CUST-1345,Male,0,No,No,21,Yes,DSL,Month-to-month,No,Mailed check,45.0,49668.61,23.0,44.72,958.51,Yes,
CUST-1545,Female,0,Yes,No,45,Yes,Fiber optic,One year,No,Electronic check,64.0,35501.79,19.0,27.72,1265.28,No,
CUST-1250,Female,0,Yes,Yes,31,Yes,Fiber optic,Month-to-month,No,Electronic check,69.0,,12.0,65.06,1967.95,Yes,
CUST-1933,Male,0,No,No,7,Yes,DSL,One year,Yes,Electronic check,70.0,55523.7,14.0,42.77,230.36,No,
CUST-1645,Male,1,No,No,9,Yes,No,One year,Yes,Bank transfer,41.0,80555.87,15.0,46.72,395.35,Yes,
CUST-1829,Female,0,No,Yes,62,Yes,No,Month-to-month,Yes,Bank transfer,33.0,56144.73,19.0,101.28,6260.99,No,
CUST-1412,Female,0,No,No,9,Yes,,Month-to-month,Yes,Bank transfer,60.0,70736.26,3.0,45.46,326.81,Yes,
CUST-1485,Female,0,Yes,No,30,Yes,DSL,Two year,No,Bank transfer,23.0,55651.04,19.0,102.66,3147.08,No,
CUST-1430,MALE,0,Yes,No,20,Yes,DSL,Month-to-month,Yes,Credit card,31.0,69913.99,15.0,87.67,1808.81,No,
CUST-1792,Male,0,Yes,No,49,No,DSL,One year,No,Bank transfer,23.0,58987.81,23.0,34.33,1711.56,No,
CUST-1766,Male,0,No,No,51,Yes,DSL,Month-to-month,Yes,Mailed check,20.0,27657.82,17.0,61.79,3210.78,No,
CUST-1290,Male,0,Yes,No,47,Yes,,Month-to-month,Yes,Mailed check,54.0,66483.98,16.0,62.5,3015.36,No,
CUST-1016,Female,0,Yes,No,56,Yes,Fiber optic,Two year,Yes,Bank transfer,23.0,49554.74,27.0,73.75,4111.35,No,
CUST-1158,Male,0,No,No,9,Yes,Fiber optic,One year,Yes,Mailed check,55.0,54989.92,22.0,26.6,190.58,No,
CUST-1243,Male,0,No,No,66,Yes,No,Two year,No,Mailed check,46.0,28158.67,22.0,82.92,5391.83,No,
CUST-1066,Female,0,Yes,Yes,54,Yes,DSL,Two year,No,Bank transfer,41.0,34534.37,16.0,73.01,3842.5,No,
CUST-1924,Male,1,No,No,39,Yes,Fiber optic,Month-to-month,Yes,Electronic check,62.0,50757.57,20.0,60.31,2358.44,No,
CUST-1359,Male,0,Yes,Yes,63,Yes,Fiber optic,Month-to-month,Yes,Mailed check,,49329.59,16.0,68.34,4402.31,No,
CUST-1952,Male,1,No,No,34,Yes,No,One year,Yes,Mailed check,20.0,21645.27,10.0,89.85,3106.97,No,
CUST-1631,Female,0,Yes,No,12,Yes,Fiber optic,Two year,Yes,Electronic check,,,12.0,49.31,582.57,No,
CUST-1504,Male,0,Yes,Yes,19,Yes,Fiber optic,One year,Yes,Electronic check,53.0,56528.72,4.0,91.74,1706.03,Yes,
CUST-1472,Male,0,No,No,66,Yes,Fiber optic,Two year,No,Bank transfer,39.0,66304.95,22.0,65.92,4336.17,No,
CUST-1963,Male,0,Yes,No,19,Yes,Fiber optic,Month-to-month,No,Credit card,68.0,100472.76,10.0,31.89,657.47,No,
CUST-1577,Female,0,Yes,No,54,Yes,No,Month-to-month,No,Bank transfer,28.0,90741.48,26.0,26.63,1462.29,No,
CUST-1981,Female,0,Yes,Yes,19,Yes,Fiber optic,One year,No,Electronic check,20.0,56377.09,23.0,61.06,1202.44,Yes,
CUST-1521,Male,0,Yes,Yes,24,Yes,Fiber optic,One year,No,Mailed check,72.0,92002.98,10.0,114.79,,No,
CUST-1874,Female,0,No,No,14,Yes,DSL,Two year,Yes,Bank transfer,47.0,54331.01,9.0,81.9,1113.32,No,
CUST-1530,Male,0,No,No,20,Yes,Fiber optic,One year,Yes,Mailed check,43.0,59140.05,7.0,56.57,1109.45,No,
CUST-1408,Female,0,No,No,56,Yes,DSL,Month-to-month,No,Credit card,69.0,73384.9,22.0,63.4, 3566.71 ,No,
CUST-1665,Male,0,No,Yes,14,Yes,Fiber optic,Month-to-month,Yes,Credit card,43 yrs,43588.72,11.0,56.89,,No,
CUST-1872,Female,1,Yes,No,61,Yes,DSL,Two year,No,Mailed check,52.0,54475.64,18.0,98.88,6083.91,No,
CUST-1432,Male,1,Yes,No,26,Yes,Fiber optic,Month-to-month,No,Electronic check,71.0,58461.96,18.0,78.64,2009.9,No,
CUST-1431,Female,0,No,No,12,Yes,Fiber optic,One year,Yes,Mailed check,33.0,35408.22,8.0,77.21,1018.6,No,
CUST-1484,Male,0,No,No,37,Yes,DSL,Month-to-month,Yes,Mailed check,27.0,37382.15,16.0,58.97, 2225.38 ,No,
CUST-1151,Male,0,No,Yes,49,Yes,DSL,Two year,Yes,Bank transfer,53.0,,24.0,44.11,2159.44,No,
CUST-1327,Male,0,Yes,Yes,70,Yes,DSL,Two year,No,Credit card,29.0,63923.06,26.0,23.97,1658.55,No,
CUST-1256,Male,0,No,No,5,Yes,DSL,Month-to-month,Yes,Bank transfer,48.0,38524.26,8.0,78.01,403.0,Yes,
CUST-1311,Male,0,Yes,No,16,Yes,No,Month-to-month,No,Credit card,44.0,30532.17,10.0,103.1,1670.81,No,
CUST-1804,Female,0,No,No,16,Yes,No,One year,No,Electronic check,67.0,,13.0,61.15,931.53,No,
CUST-1304,Female,0,No,No,66,Yes,DSL,Month-to-month,Yes,Mailed check,63.0,65950.18,18.0,41.01,2671.76,No,
CUST-1784,Female,0,No,No,10,Yes,DSL,Month-to-month,No,Electronic check,33.0,59900.81,11.0,70.46,686.85,No,
CUST-1413,Male,0,No,Yes,43,Yes,DSL,Month-to-month,Yes,Credit card,43.0,40604.52,18.0,63.76,2665.27,No,
CUST-1133,Male,0,Yes,No,18,Yes,No,Month-to-month,No,Electronic check,27.0,62770.66,17.0,114.89,2047.5,No,
CUST-1031,Male,1,No,No,53,Yes,No,Month-to-month,Yes,Credit card,60.0,54524.75,20.0,37.73,2033.12,No,
CUST-1765,Male,0,Yes,No,56,Yes,Fiber optic,One year,No,Electronic check,40.0,51261.81,22.0,21.74,1187.29,No,
CUST-1782,Female,0,No,No,41,Yes,DSL,Month-to-month,No,Bank transfer,36.0,77672.46,18.0,109.09,4510.58,No,
CUST-1458,Male,0,Yes,No,70,Yes,DSL,Month-to-month,No,Bank transfer,47.0,21932.4,25.0,82.57,5776.82,No,
CUST-1161,Male,1,Yes,No,35,Yes,DSL,One year,No,Bank transfer,33.0,37481.3,19.0,34.32,,No,
CUST-1339,Female,0,Yes,No,56,No,Fiber optic,Two year,Yes,Mailed check,23.0,67099.13,22.0,90.1,4986.45,No,
CUST-1286,Male,0,No,No,49,Yes,Fiber optic,Two year,Yes,Mailed check,69.0,57957.63,20.0,95.83,4713.19,No,
CUST-1248,Male,1,Yes,No,36,No,DSL,Month-to-month,Yes,Electronic check,40.0,88243.59,22.0,74.96,,Yes,
CUST-1939,Female,0,Yes,Yes,16,Yes,No,Month-to-month,No,Mailed check,21.0,66055.46,20.0,93.21,1501.76,No,
CUST-1579,Female,1,Yes,No,45,Yes,Fiber optic,Month-to-month,No,Credit card,23.0,77846.19,17.0,29.32,1337.77,No,
CUST-1836,Male,0,Yes,No,55,Yes,No,Month-to-month,No,Bank transfer,23.0,67715.3,28.0,77.84,4238.69,No,
CUST-1936,Female,0,No,No,16,Yes,Fiber optic,Two year,Yes,Electronic check,61.0,74686.43,15.0,50.45,781.24,No,
CUST-1001,Female,0,No,Yes,71,Yes,No,Month-to-month,Yes,Bank transfer,,40757.3,13.0,31.33,2221.73,No,
CUST-1736,Female,1,Yes,No,57,Yes,No,Two year,No,Credit card,71.0,45915.5,13.0,95.6,5430.76,No,
CUST-1207,Female,0,Yes,No,66,Yes,Fiber optic,Month-to-month ,Yes,Electronic check,44.0,71904.1,31.0,24.41,1618.43,No,
CUST-1629,Male,0,No,No,48,Yes,Fiber optic,One year,Yes,Bank transfer,38.0,23966.27,19.0,40.18,,No,
CUST-1932,Male,0,Yes,Yes,37,Yes,DSL,Month-to-month,No,Credit card,54.0,32466.83,20.0,75.84,2883.87,No,
CUST-1850,Male,1,No,No,4,Yes,Fiber optic,Two year,Yes,Mailed check,23.0,84424.0,22.0,106.81,412.92,No,
CUST-1897,Female,0,Yes,Yes,36,Yes,DSL,Month-to-month,No,Credit card,45.0,38858.07,14.0,66.07,2446.42,No,
CUST-1264,MALE,0,No,No,35,Yes,No,One year,Yes,Mailed check,53.0,96926.56,23.0,78.76,2739.38,Yes,
CUST-1274,Male,0,No,No,23,Yes,Fiber optic,Month-to-month,No,Electronic check,27.0,38510.39,25.0,21.47,498.3,No,
CUST-1070,FEMALE,0,Yes,No,40,Yes,Fiber optic,Two year,No,Bank transfer,40.0,73703.98,19.0,63.83,2473.3,No,
CUST-1640,Female,0,No,Yes,10,Yes,Fiber optic,Two year ,No,Bank transfer,52.0,21182.97,4.0,64.75,636.51,No,
CUST-1444,Female,0,No,No,62,Yes,Fiber optic,Month-to-month,Yes,Electronic check,33.0,56559.21,19.0,63.8,3857.05,No,
CUST-1846,Female,0,No,No,63,Yes,No,Month-to-month,No,Electronic check,42.0,46674.14,16.0,65.1,4108.06,No,
CUST-1098,Female,0,No,No,47,Yes,No,Two year,No,Bank transfer,49 yrs,45480.9,19.0,56.85,2654.89,No,
CUST-1865,Male,0,No,No,54,Yes,,Month-to-month,No,Credit card,46.0,70299.9,28.0,55.23,2993.93,No,
CUST-1021,Male,0,No,No,61,Yes,Fiber optic,One year,Yes,Mailed check,34.0,63653.42,18.0,106.71,6458.68,No,
CUST-1705,Male,0,Yes,No,37,No,DSL,Month-to-month,No,Electronic check,26.0,73336.44,17.0,35.67, 1296.26 ,No,
CUST-1414,Male,0,Yes,No,10,Yes,Fiber optic,Month-to-month,No,Bank transfer,29.0,50573.69,12.0,108.08,1089.13,Yes,
CUST-1517,Female,0,Yes,No,49,Yes,Fiber optic,Two year,Yes,Credit card,64.0,47070.18,29.0,70.44,3502.79,No,
CUST-1149,Female,0,Yes,No,39,Yes,Fiber optic,Month-to-month,No,Electronic check,46.0,15000.0,14.0,57.0,2255.09,No,
CUST-1647,Male,0,Yes,No,23,Yes,Fiber optic,Month-to-month,Yes,Electronic check,30.0,59211.28,5.0,32.8,687.02,No,
CUST-1354,Female,0,Yes,No,19,Yes,No,Month-to-month,Yes,Credit card,73.0,64132.29,25.0,111.52,2046.35,No,
CUST-1950,Male,0,Yes,No,12,Yes,DSL,Two year,No,Mailed check,33.0,52784.02,16.0,96.71,1183.9,No,
CUST-1052,Male,0,No,Yes,68,Yes,DSL,Two year,No,Mailed check,38.0,40630.53,29.0,72.05,4852.28,No,
CUST-1198,Male,0,Yes,No,54,Yes,DSL,One year,No,Electronic check,58.0,69438.96,24.0,57.02,3060.8,No,
CUST-1122,Female,0,No,No,26,Yes,Fiber optic,Two year,No,Mailed check,50.0,28699.63,17.0,20.46,502.6,No,
CUST-1203,Male,0,Yes,Yes,28,Yes,DSL,Month-to-month,No,Electronic check,22.0,50206.72,18.0,87.94,2475.11,No,
CUST-1067,Male,0,Yes,Yes,38,Yes,Fiber optic,One year,Yes,Credit card,33.0,59528.66,10.0,106.32,4075.24,No,
CUST-1223,Female,0,Yes,Yes,51,Yes,Fiber optic,Two year,No,Bank transfer,29.0,41096.36,24.0,110.97,5655.11,No,
CUST-1127,Male,0,No,Yes,27,Yes,Fiber optic,Month-to-month,Yes,Bank transfer,23.0,69889.87,11.0,115.21,3133.38,No,
CUST-1655,Male,0,No,No,52,Yes,DSL,One year,No,Credit card,20.0,72609.29,21.0,101.89,5264.06,No,
CUST-1139,Male,0,Yes,No,39,Yes,Fiber optic,Month-to-month,Yes,Credit card,66.0,51380.77,14.0,108.67,4172.06,No,
CUST-1417,Female,1,No,Yes,11,Yes,,Month-to-month,Yes,Credit card,25.0,79852.86,12.0,103.15,1172.3,No,
CUST-1218,Female,0,Yes,No,22,Yes,Fiber optic,Month-to-month,No,Credit card,48.0,51504.02,17.0,118.77,2655.69,No,
CUST-1546,Male,0,Yes,Yes,13,Yes,DSL,One year,Yes,Mailed check,72.0,59930.44,22.0,30.18,362.46,No,
CUST-1157,Female,0,Yes,No,47,Yes,DSL,Month-to-month,No,Electronic check,73.0,67326.34,24.0,38.85,1841.99,No,
CUST-1094,Female,1,Yes,Yes,52,Yes,DSL,One year,No,Credit card,50.0,39139.21,25.0,24.24, 1319.77 ,No,
CUST-1255,Male,0,No,No,65,Yes,DSL,One year,Yes,Credit card,41.0,45585.08,22.0,69.21,4515.18,No,
CUST-1987,Female,0,Yes,No,60,Yes,Fiber optic,One year,No,Credit card,44.0,46474.48,19.0,56.03,3309.37,No,
CUST-1643,Male,0,No,No,68,Yes,Fiber optic,Two year,Yes,Credit card,67.0,43151.32,30.0,63.9,4345.33,No,
CUST-1738,Male,1,Yes,No,22,Yes,Fiber optic,Month-to-month,No,Credit card,67.0,58005.41,19.0,19.92,488.14,Yes,
CUST-1039,Male,0,Yes,Yes,62,Yes,DSL,Two year,Yes,Electronic check,44.0,74275.28,29.0,21.47,1367.9,No,
CUST-1130,Female,0,No,Yes,72,Yes,Fiber optic,Two year,No,Bank transfer,41.0,59215.96,29.0,101.2,7309.31,No,
CUST-1767,Female,0,Yes,Yes,8,No,Fiber optic,Month-to-month,No,Electronic check,72.0,80443.89,15.0,94.96,882.6,No,
CUST-1189,Female,0,No,No,10,Yes,No,One year,No,Electronic check,70.0,44867.44,7.0,78.5,844.79,No,
CUST-1959,Male,0,No,No,33,Yes,DSL,Two year,Yes,Electronic check,64.0,23196.96,11.0,55.75,,No,
CUST-1589,Male,0,No,No,34,Yes,Fiber optic,One year,No,Credit card,,50904.26,21.0,110.24,3781.61,No,
CUST-1402,Male,0,No,No,12,Yes,No,Two year,No,Electronic check,23.0,89575.74,25.0,62.5,797.62,No,
CUST-1760,Female,0,Yes,Yes,51,Yes,Fiber optic,Month-to-month,Yes,Credit card,35.0,,25.0,34.55,1744.22,No,
CUST-1038,Male,0,Yes,Yes,23,Yes,Fiber optic,Month-to-month,Yes,Bank transfer,58.0,57826.56,11.0,90.03,2015.55,No,
CUST-1242,Female,0,No,No,41,Yes,Fiber optic,Month-to-month,Yes,Bank transfer,28.0,64662.39,20.0,19.06, 809.31 ,No,
CUST-1353,Female,1,Yes,No,44,Yes,No,Month-to-month,Yes,Mailed check,54.0,46575.81,17.0,93.79,4088.04,No,
CUST-1620,Female,1,No,,22,Yes,Fiber optic,One year,Yes,Credit card,52.0,50691.55,13.0,82.86,1839.84,No,
CUST-1650,Male,0,No,Yes,61,Yes,Fiber optic,Month-to-month,Yes,Electronic check,22.0,41085.11,18.0,105.36, 6383.95 ,Yes,
CUST-1534,Male,0,No,No,58,Yes,No,Month-to-month,Yes,Bank transfer,72.0,64550.26,24.0,59.13,3394.72,No,
CUST-1503,Female,0,Yes,No,24,No,DSL,Month-to-month,No,Bank transfer,51.0,53148.67,10.0,114.21,2743.75,No,
CUST-1159,Female,0,Yes,No,37,Yes,No,Two year,No,Electronic check,20.0,65296.22,24.0,81.24,3051.18,No,
CUST-1394,Male,0,Yes,No,2,Yes,Fiber optic,Month-to-month,No,Credit card,33.0,43934.54,11.0,57.11,29.3,Yes,
CUST-1537,Male,0,Yes,Yes,64,Yes,DSL,Month-to-month,Yes,Electronic check,18.0,80893.46,31.0,100.01,6453.61,No,
CUST-1695,Female,1,Yes,No,24,Yes,DSL,Month-to-month,Yes,Electronic check,27.0,71237.39,16.0,108.47,2622.54,No,
CUST-1240,Female,0,No,No,40,Yes,Fiber optic,Month-to-month,Yes,Electronic check,35.0,43917.62,18.0,48.26,1900.99,No,
CUST-1013,Male,1,Yes,Yes,16,Yes,Fiber optic,Month-to-month,No,Bank transfer,21.0,83802.23,25.0,108.86,1748.22,No,
CUST-1657,Male,1,No,No,8,Yes,Fiber optic,Month-to-month,No,Electronic check,69.0,63078.76,13.0,108.32,763.13,Yes,
CUST-1475,Female,0,Yes,No,15,Yes,DSL,Month-to-month,Yes,Bank transfer,26.0,68840.95,6.0,74.79,1158.68,Yes,
CUST-1912,Male,0,Yes,No,63,Yes,DSL,Month-to-month,Yes,Credit card,65.0,36315.04,30.0,75.19,4848.86,Yes,
CUST-1883,Female,0,No,Yes,17,Yes,No,Two year,Yes,Electronic check,68.0,63824.97,12.0,89.55,1535.48,No,
CUST-1314,Male,1,Yes,No,2,Yes,Fiber optic,Month-to-month,No,Mailed check,34.0,34006.28,8.0,53.46,131.2,No,
CUST-1361,Male,0,No,No,58,No,DSL,Month-to-month,Yes,Credit card,37.0,66876.91,25.0,62.67,3537.15,No,
CUST-1590,Male,1,Yes,No,50,Yes,DSL,Two year,Yes,Electronic check,18.0,15000.0,14.0,31.03, 1611.7 ,No,
CUST-1320,Female,0,No,No,53,Yes,Fiber optic,Month-to-month,No,Electronic check,50.0,26763.85,16.0,48.15,2497.48,No,
CUST-1921,Male,0,Yes,No,0,Yes,DSL,Month-to-month,Yes,Credit card,71.0,79069.19,9.0,92.51,10.03,No,
CUST-1617,Female,1,No,Yes,71,Yes,Fiber optic,Month-to-month,Yes,Bank transfer,32.0,36247.36,28.0,23.59,1642.32,Yes,
CUST-1672,Female,0,Yes,No,19,Yes,Fiber optic,Month-to-month,Yes,Mailed check,25.0,54302.97,12.0,64.5,1160.39,Yes,
CUST-1564,Female,0,Yes,No,65,Yes,DSL,One year,No,Credit card,54.0,59964.62,27.0,75.76,4942.94,No,
CUST-1355,Male,0,Yes,Yes,63,Yes,Fiber optic,Two year,Yes,Bank transfer,58.0,15425.91,21.0,104.78,6589.53,No,
CUST-1034,Female,0,No,No,18,Yes,Fiber optic,Month-to-month,Yes,Mailed check,54.0,47708.33,18.0,109.33,2039.78,No,
CUST-1334,Female,0,Yes,Yes,2,Yes,DSL,Two year,Yes,Electronic check,29.0,57131.24,7.0,96.76, 188.83 ,No,
CUST-1688,MALE,0,No,No,5,Yes,DSL,Two year,Yes,Bank transfer,24.0,60323.06,10.0,58.47,336.31,No,
CUST-1376,Female,0,No,No,7,Yes,Fiber optic,Month-to-month,Yes,Credit card,59.0,,14.0,19.78,110.11,No,
CUST-1184,Male,1,No,No,35,Yes,No,Month-to-month,No,Credit card,43.0,44245.16,19.0,60.52,2132.22,No,
CUST-1823,Male,0,Yes,Yes,55,Yes,Fiber optic,Month-to-month,Yes,Credit card,25.0,62095.71,18.0,89.63,5016.02,No,
CUST-1423,Male,0,Yes,No,66,Yes,DSL,One year,No,Electronic check,68.0,43925.86,21.0,104.22,6927.36,Yes,
CUST-1325,Female,1,No,,40,Yes,DSL,Two year,No,Credit card,18.0,69478.76,19.0,93.14,3652.32,No,
CUST-1187,Male,0,No,No,62,Yes,DSL,Month-to-month,No,Electronic check,47.0,69524.8,32.0,52.55,3259.19,Yes,
CUST-1284,Female,0,Yes,Yes,64,Yes,Fiber optic,Month-to-month ,Yes,Mailed check,46.0,,14.0,72.35,4658.19,No,
CUST-1391,Male,1,Yes,Yes,57,Yes,DSL,Month-to-month,No,Credit card,48.0,,16.0,108.06,6083.08,No,
CUST-1974,Female,0,No,No,43,Yes,Fiber optic,Two year,Yes,Bank transfer,42.0,55969.97,13.0,22.64,989.39,No,
CUST-1165,Male,0,Yes,No,2,Yes,No,One year,No,Electronic check,24.0,52819.78,13.0,34.53,165.13,No,
CUST-1347,Female,1,Yes,No,56,Yes,No,Month-to-month,Yes,Mailed check,,26061.08,18.0,112.22,6342.33,No,
CUST-1298,Male,0,No,Yes,16,Yes,No,Month-to-month,No,Mailed check,68.0,43080.38,15.0,82.64,1337.98,No,
CUST-1535,Female,0,Yes,No,53,Yes,DSL,Month-to-month,Yes,Mailed check,74.0,27722.72,25.0,90.29,4717.09,No,
CUST-1229,Male,0,No,Yes,4,Yes,No,Two year,Yes,Electronic check,51.0,70260.37,3.0,47.98,191.02,No,
CUST-1859,Male,0,Yes,Yes,46,Yes,DSL,Month-to-month,No,Credit card,34.0,51560.88,20.0,54.86,2510.15,No,
CUST-1827,Female,0,Yes,Yes,47,Yes,DSL,Month-to-month,No,Mailed check,70.0,59094.66,20.0,62.27,2937.21,No,
CUST-1694,Female,0,No,No,71,Yes,No,Two year,Yes,Electronic check,46.0,56203.27,28.0,26.19,1874.97,No,
CUST-1855,Male,1,Yes,No,34,Yes,No,Month-to-month,No,Mailed check,,,20.0,80.83,2722.07,Yes,
CUST-1041,Male,0,No,No,7,Yes,No,Two year,No,Mailed check,52.0,58158.72,12.0,65.53,418.46,No,
CUST-1868,Male,0,No,,29,Yes,Fiber optic,Month-to-month,No,Bank transfer,47.0,27679.62,8.0,110.04,3145.3,Yes,
CUST-1748,Male,1,Yes,No,15,Yes,DSL,Month-to-month,No,Mailed check,18.0,59225.15,14.0,110.23,1668.08,No,
CUST-1938,Female,0,Yes,No,12,Yes,Fiber optic,Month-to-month,No,Bank transfer,18.0,54478.95,16.0,28.44,393.88,No,
CUST-1862,Female,0,Yes,No,11,Yes,DSL,Month-to-month,Yes,Mailed check,39.0,32177.82,12.0,116.93,1239.42,Yes,
CUST-1587,Male,0,No,No,52,Yes,No,One year ,Yes,Electronic check,43.0,33245.1,19.0,55.37,2903.95,No,
CUST-1543,Female,0,No,No,21,Yes,No,Month-to-month,No,Credit card,41.0,56518.86,10.0,116.31,2455.9,Yes,
CUST-1446,Male,0,Yes,Yes,69,Yes,DSL,Month-to-month,No,Electronic check,42.0,80045.62,27.0,100.43,6867.16,No,
CUST-1447,Female,1,Yes,Yes,20,Yes,Fiber optic,Month-to-month,Yes,Bank transfer,65.0,55621.06,16.0,31.32,627.09,Yes,
CUST-1349,Male,0,Yes,Yes,56,Yes,DSL,Month-to-month,No,Credit card,,55075.59,22.0,69.3,3952.65,No,
CUST-1045,Female,0,Yes,No,65,Yes,DSL,Two year,No,Credit card,52 yrs,59455.39,34.0,37.48,,No,
CUST-1980,Female,0,No,No,18,Yes,DSL,Month-to-month,No,Mailed check,62.0,92161.91,12.0,73.74,1261.51,Yes,
CUST-1108,Female,0,Yes,Yes,48,Yes,DSL,Month-to-month,Yes,Bank transfer,44.0,66539.08,18.0,39.56,1844.41,No,
CUST-1617,Female,1,No,Yes,71,Yes,Fiber optic,Month-to-month,Yes,Bank transfer,32.0,36247.36,28.0,23.59,1642.32,Yes,
CUST-1661,Male,0,No,No,17,Yes,No,Month-to-month,No,Bank transfer,35.0,44577.75,8.0,71.69,1246.88,No,
CUST-1029,Female,1,Yes,No,32,Yes,Fiber optic,One year,No,Electronic check,33.0,38143.05,15.0,105.79,3350.73,No,
CUST-1181,Male,0,Yes,Yes,57,Yes,Fiber optic,Month-to-month,Yes,Electronic check,46.0,26361.87,14.0,41.0,2407.84,No,
CUST-1621,Female,1,No,No,10,Yes,Fiber optic,Month-to-month,Yes,Bank transfer,42.0,54240.6,15.0,113.65,1079.78,No,
CUST-1419,Female,0,Yes,No,17,Yes,Fiber optic,One year,No,Electronic check,21.0,64164.53,17.0,104.45,1845.95,No,
CUST-1634,Female,0,No,No,3,Yes,DSL,Month-to-month,No,Credit card,49.0,66181.82,17.0,47.92,187.95,Yes,
CUST-1984,Female,0,No,No,47,Yes,DSL,Month-to-month,No,Electronic check,37.0,54998.74,19.0,43.1,2028.11,Yes,
CUST-1104,Female,0,No,No,64,Yes,Fiber optic,Month-to-month,No,Credit card,53.0,58253.32,33.0,88.24,5579.12,Yes,
CUST-1060,Male,0,No,Yes,1,Yes,DSL,Month-to-month,No,Credit card,40.0,60155.21,7.0,49.74,94.85,Yes,
CUST-1658,Female,1,No,Yes,21,Yes,DSL,Two year,Yes,Electronic check,40.0,76999.57,30.0,108.43,2310.7,No,
CUST-1083,Female,0,Yes,No,72,Yes,Fiber optic,Month-to-month,Yes,Electronic check,66.0,87407.22,33.0,40.9,2911.69,No,
CUST-1490,Female,0,Yes,Yes,57,Yes,DSL,Two year,Yes,Credit card,64.0,73425.46,17.0,59.53,3391.9,No,
CUST-1315,Female,0,Yes,Yes,28,Yes,No,Month-to-month,No,Bank transfer,18.0,54802.07,11.0,29.87,755.53,No,
CUST-1450,Female,0,No,,59,Yes,No,Month-to-month,Yes,Credit card,70 yrs,61630.94,24.0,108.46,6355.43,No,
CUST-1381,Female,0,No,No,38,Yes,Fiber optic,Month-to-month,No,Credit card,26.0,45966.62,26.0,74.91,2773.58,Yes,
CUST-1422,Female,1,Yes,No,37,Yes,DSL,Two year,Yes,Electronic check,27.0,93122.62,24.0,108.78,3993.26,No,
CUST-1496,Male,1,No,No,60,Yes,No,Month-to-month,Yes,Electronic check,65 yrs,73169.27,32.0,44.83,2605.08,No,
CUST-1965,Male,0,No,No,69,Yes,No,Month-to-month,No,Bank transfer,30.0,38158.2,22.0,87.76,6014.14,No,
CUST-1739,Female,0,No,Yes,45,Yes,No,Month-to-month,No,Electronic check,58.0,,18.0,117.34,5288.8,No,
CUST-1523,Male,1,No,No,31,Yes,Fiber optic,Month-to-month,Yes,Bank transfer,36.0,28819.9,6.0,69.28,2080.51,No,
CUST-1445,Male,0,No,No,21,Yes,No,One year,No,Mailed check,71.0,36992.57,15.0,51.66,1082.06,No,
CUST-1663,Female,0,Yes,No,16,Yes,DSL,Two year,No,Mailed check,53.0,,6.0,47.19,762.12,No,
CUST-1000,MALE,0,No,Yes,56,Yes,Fiber optic,Month-to-month,Yes,Credit card,24.0,35684.59,23.0,110.42,6168.8,No,
CUST-1779,Male,0,No,Yes,61,Yes,Fiber optic,Month-to-month,No,Credit card,54.0,39731.81,23.0,63.65,3871.86,No,
CUST-1990,Female,0,No,Yes,49,No,DSL,Two year,Yes,Mailed check,58.0,53743.15,14.0,58.94,2869.97,No,
CUST-1626,Male,0,No,Yes,9,Yes,DSL,Month-to-month,Yes,Mailed check,69.0,30902.07,9.0,102.77,849.9,No,
CUST-1457,Female,0,Yes,No,28,Yes,Fiber optic,Two year,No,Credit card,49.0,80507.71,15.0,115.9,3265.77,No,
CUST-1488,Male,0,No,No,31,Yes,No,Month-to-month,No,Electronic check,23.0,58456.52,17.0,73.11,2223.08,No,
CUST-1088,Female,0,No,,1,Yes,DSL,Month-to-month,No,Bank transfer,40.0,36812.8,11.0,63.26,72.11,No,
CUST-1483,Female,0,Yes,Yes,34,Yes,No,Month-to-month,Yes,Mailed check,68.0,66946.64,15.0,104.55,,No,
CUST-1460,Female,0,No,No,1,Yes,DSL,Month-to-month,No,Mailed check,43.0,87146.2,10.0,89.95,50.87,Yes,
CUST-1077,Female,1,Yes,No,33,Yes,DSL,Two year,Yes,Mailed check,28.0,51628.52,17.0,91.51,3040.49,No,
CUST-1268,Male,0,No,Yes,10,Yes,No,Month-to-month,Yes,Electronic check,72.0,,15.0,18.11,180.84,Yes,
CUST-1929,Male,1,No,No,41,Yes,Fiber optic,One year,Yes,Electronic check,69.0,65117.13,15.0,31.29,1321.4,No,
CUST-1123,Male,0,Yes,No,53,Yes,Fiber optic,One year,Yes,Bank transfer,72.0,34914.82,14.0,109.57,5838.47,No,
CUST-1297,Male,0,No,Yes,25,Yes,DSL,One year,No,Bank transfer,,57197.06,8.0,109.05,2735.12,No,
CUST-1881,Female,0,No,No,46,Yes,DSL,One year,No,Credit card,56.0,79333.09,23.0,98.13,4568.81,No,
CUST-1095,Female,0,No,No,58,Yes,Fiber optic,One year,Yes,Mailed check,24.0,33507.24,23.0,33.9,1952.94,No,
CUST-1733,Female,0,Yes,No,14,Yes,DSL,Month-to-month,No,Credit card,29.0,82566.69,26.0,96.34,1278.43,No,
CUST-1011,Male,0,No,Yes,26,Yes,Fiber optic,One year,No,Credit card,69.0,75064.86,27.0,94.8,2512.39,No,
CUST-1114,Male,1,No,No,72,Yes,No,One year,No,Mailed check,31.0,67603.05,13.0,119.27,8662.76,No,
CUST-1843,Male,0,No,No,72,Yes,Fiber optic,Month-to-month,Yes,Bank transfer,42.0,30059.53,21.0,107.5,7700.27,No,
CUST-1428,Male,0,No,No,44,Yes,DSL,Month-to-month,Yes,Electronic check,70.0,73069.76,30.0,86.9,3772.88,No,
CUST-1257,Female,0,No,No,17,Yes,DSL,One year,Yes,Credit card,44.0,46161.95,22.0,53.02,825.87,No,
CUST-1731,Male,0,No,No,35,Yes,Fiber optic,Month-to-month,Yes,Bank transfer,22.0,39205.21,17.0,31.74,1122.4,No,
CUST-1949,Male,0,Yes,No,26,Yes,Fiber optic,Two year,Yes,Bank transfer,60.0,59440.2,21.0,56.69,1391.37,No,
CUST-1764,MALE,0,Yes,Yes,32,Yes,No,Month-to-month,Yes,Mailed check,20.0,58484.54,20.0,90.95,2928.32,No,
CUST-1352,Male,0,Yes,No,65,Yes,DSL,Month-to-month,No,Credit card,38.0,38537.41,27.0,78.21,5141.01,No,
CUST-1994,Female,0,No,Yes,12,No,,One year,No,Electronic check,61.0,47987.18,16.0,85.68,1026.9,No,
CUST-1773,Female,0,No,No,14,Yes,No,Month-to-month,No,Mailed check,56.0,33015.32,15.0,114.31,1697.76,No,
CUST-1955,Male,1,No,No,68,Yes,Fiber optic,Month-to-month,Yes,Credit card,37.0,102975.18,26.0,46.33,3119.64,No,
CUST-1690,Female,0,No,No,13,Yes,Fiber optic,One year,Yes,Mailed check,71.0,40788.66,5.0,35.58,388.72,No,
CUST-1922,Male,0,No,No,54,No,DSL,One year,Yes,Mailed check,59.0,34716.13,9.0,41.21,2269.8,No,
CUST-1790,Female,0,No,No,55,Yes,DSL,Two year,Yes,Mailed check,56.0,72557.1,22.0,37.92,2182.36,No,
CUST-1531,Female,0,No,No,43,Yes,Fiber optic,One year,Yes,Electronic check,57.0,25529.53,24.0,100.0,,No,
CUST-1867,Female,1,No,No,65,Yes,,Month-to-month,No,Electronic check,48.0,55670.39,20.0,115.32,7530.23,No,
CUST-1169,Female,0,No,No,72,Yes,Fiber optic,Month-to-month,No,Credit card,53.0,55539.81,28.0,81.38,5855.46,No,
CUST-1239,Female,0,Yes,Yes,21,Yes,Fiber optic,One year,Yes,Mailed check,47.0,60897.79,17.0,45.66,954.52,Yes,
CUST-1277,FEMALE,0,No,No,46,Yes,DSL,Two year,Yes,Credit card,59.0,60914.55,23.0,52.49,2488.52,No,
CUST-1160,Male,0,No,No,18,No,Fiber optic,Two year,Yes,Mailed check,55.0,52324.82,19.0,33.03,615.18,No,
CUST-1073,Female,0,Yes,No,18,Yes,Fiber optic,One year,Yes,Bank transfer,33.0,72671.04,10.0,55.97,,No,
CUST-1529,Female,0,No,No,53,Yes,DSL,Month-to-month,Yes,Mailed check,35.0,58011.38,16.0,35.76,1918.6,No,
CUST-1062,Male,0,No,No,37,Yes,No,Month-to-month,No,Mailed check,61.0,83484.65,25.0,96.82,3677.7,No,
CUST-1761,Female,0,No,Yes,52,Yes,No,Two year,No,Electronic check,43.0,49418.22,16.0,109.04,5633.94,No,
CUST-1492,Male,0,No,No,68,Yes,DSL,One year,Yes,Electronic check,68.0,,30.0,97.92,6621.55,No,
CUST-1740,Male,1,Yes,No,71,No,Fiber optic,One year,No,Credit card,62.0,32859.05,35.0,37.73,2691.88,No,
CUST-1750,Female,0,Yes,No,16,Yes,Fiber optic,One year,Yes,Credit card,39.0,56396.51,11.0,45.99,767.22,No,
CUST-1741,FEMALE,0,No,Yes,7,Yes,Fiber optic,Month-to-month,Yes,Mailed check,56.0,77681.97,14.0,101.86,784.25,Yes,
CUST-1830,Male,0,No,No,71,Yes,DSL,Month-to-month,No,Mailed check,60.0,56704.86,21.0,40.64,2906.66,Yes,
CUST-1795,Male,0,No,No,53,Yes,Fiber optic,Two year,Yes,Bank transfer,70.0,20408.39,23.0,49.14,2569.38,No,
CUST-1047,Male,0,No,No,57,Yes,DSL,One year,No,Bank transfer,56.0,53438.49,22.0,60.64,3375.42,No,
CUST-1762,Male,0,Yes,No,51,Yes,DSL,Two year,No,Bank transfer,30.0,77431.72,32.0,24.18,1182.25,No,
CUST-1591,Female,0,Yes,No,36,Yes,Fiber optic,Two year,No,Mailed check,42.0,60849.72,11.0,114.69,4189.45,No,
CUST-1807,Male,0,No,Yes,55,Yes,Fiber optic,Month-to-month,No,Bank transfer,43.0,84747.07,26.0,92.74,5114.15,No,
CUST-1464,Female,0,No,No,47,Yes,Fiber optic,Month-to-month,No,Bank transfer,,58060.85,12.0,102.29,4797.28,No,
CUST-1505,Male,0,No,Yes,47,Yes,Fiber optic,One year,No,Electronic check,23.0,79429.65,19.0,88.33,4126.88,No,
CUST-1020,Female,0,No,No,32,Yes,Fiber optic,One year,No,Mailed check,43.0,59694.86,24.0,32.34,1095.7,No,
CUST-1968,Female,1,No,No,17,Yes,No,One year,Yes,Mailed check,,44970.5,13.0,104.13,1718.04,No,
CUST-1424,Female,0,Yes,Yes,37,Yes,DSL,Month-to-month,No,Bank transfer,74.0,66019.69,16.0,48.29,1767.25,No,
CUST-1652,Male,0,No,No,64,Yes,No,One year,Yes,Credit card,54.0,55665.42,31.0,96.34,6188.18,No,
CUST-1192,Male,0,Yes,No,3,Yes,Fiber optic,Two year,Yes,Bank transfer,60.0,77883.15,17.0,45.92,174.46,No,
CUST-1642,Female,0,Yes,No,61,Yes,DSL,Month-to-month,Yes,Bank transfer,67.0,64783.62,30.0,65.34,3994.81,No,
CUST-1215,MALE,1,No,No,59,Yes,Fiber optic,One year,Yes,Bank transfer,71.0,80164.03,23.0,81.34,4722.59,No,
CUST-1244,Male,0,No,No,29,Yes,Fiber optic,Month-to-month,No,Credit card,34.0,59824.58,14.0,58.18,1737.56,No,
CUST-1363,Female,0,No,No,61,Yes,DSL,Two year,Yes,Credit card,51.0,72837.27,28.0,78.86,4776.45,No,
CUST-1998,Female,0,No,Yes,36,Yes,DSL,Month-to-month,No,Credit card,31.0,42201.34,25.0,58.95,,No,
CUST-1059,Male,0,No,No,34,Yes,Fiber optic,Month-to-month,Yes,Bank transfer,72.0,37287.68,15.0,65.04,2209.07,No,
CUST-1221,Male,0,No,No,60,Yes,Fiber optic,One year,No,Credit card,39.0,46015.08,21.0,44.12,2742.39,No,
CUST-1176,Male,0,No,Yes,8,Yes,DSL,Month-to-month,Yes,Mailed check,61.0,83858.16,4.0,110.02,818.47,No,
CUST-1449,Female,0,No,No,4,No,No,One year,No,Electronic check,40.0,49275.54,8.0,82.75,318.25,No,
CUST-1055,Female,0,Yes,No,48,Yes,DSL,Two year,No,Electronic check,59.0,32433.59,17.0,108.49,5252.47,No,
CUST-1803,Male,0,No,No,27,Yes,DSL,One year,Yes,Credit card,34.0,38240.73,14.0,41.3,1107.9,No,
CUST-1254,Male,0,No,No,16,Yes,DSL,One year,Yes,Electronic check,19.0,74745.61,16.0,19.97,277.73,No,
CUST-1919,Female,1,Yes,No,30,Yes,Fiber optic,Month-to-month,Yes,Mailed check,22.0,18371.88,12.0,115.65,3502.09,No,
CUST-1385,Female,0,No,No,28,Yes,DSL,Two year,No,Bank transfer,33.0,27268.79,15.0,76.93,2210.07,No,
CUST-1948,Female,1,Yes,No,53,Yes,DSL,Two year,Yes,Credit card,25.0,38083.65,16.0,62.88,3269.42,No,
CUST-1197,Female,0,Yes,No,0,No,DSL,Two year,No,Electronic check,70.0,95825.1,7.0,76.04,0.0,Yes,
CUST-1068,Female,1,No,Yes,28,Yes,DSL,Month-to-month,No,Bank transfer,42.0,44979.5,10.0,31.48,909.61,No,
CUST-1722,Female,0,No,No,30,Yes,No,Month-to-month,No,Electronic check,30.0,52599.15,18.0,25.12,715.15,No,
CUST-1744,Male,0,Yes,No,12,Yes,No,One year,No,Bank transfer,39.0,46028.92,17.0,31.26,443.18,No,
CUST-1713,Female,0,No,No,2,Yes,No,Month-to-month,No,Bank transfer,33.0,18039.08,2.0,116.96,258.61,No,
CUST-1168,Male,0,No,No,50,Yes,DSL,Month-to-month,No,Bank transfer,24.0,53334.1,15.0,42.44, 2075.21 ,No,
CUST-1185,Male,0,No,No,36,Yes,Fiber optic,Two year,Yes,Credit card,54.0,51952.12,19.0,81.49,2901.01,No,
CUST-1035,Male,1,Yes,No,53,Yes,Fiber optic,Month-to-month,No,Credit card,65.0,67612.49,29.0,23.15,1216.65,No,
CUST-1641,Female,0,Yes,Yes,45,Yes,DSL,Month-to-month,No,Bank transfer,34.0,41940.72,12.0,46.26,2039.26,No,
